timestamp,eye_state,fatigue_score,fatigue_risk
0,0,1.0,High
1,0,1.0,High
2,0,1.0,High
3,0,1.0,High
4,0,1.0,High
5,0,1.0,High
6,0,1.0,High
7,0,1.0,High
8,0,1.0,High
9,0,1.0,High
10,0,1.0,High
11,0,1.0,High
12,0,1.0,High
13,0,1.0,High
14,0,1.0,High
15,0,1.0,High
16,0,1.0,High
17,0,1.0,High
18,0,1.0,High
19,0,1.0,High
20,1,0.9523809523809523,High
21,0,0.9545454545454546,High
22,0,0.9565217391304348,High
23,0,0.9583333333333334,High
24,0,0.96,High
25,0,0.9615384615384616,High
26,0,0.9629629629629629,High
27,0,0.9642857142857143,High
28,0,0.9655172413793104,High
29,0,0.9666666666666667,High
30,1,0.9354838709677419,High
31,1,0.90625,High
32,1,0.8787878787878788,High
33,0,0.8823529411764706,High
34,0,0.8857142857142857,High
35,0,0.8888888888888888,High
36,0,0.8918918918918919,High
37,0,0.8947368421052632,High
38,0,0.8974358974358975,High
39,0,0.9,High
40,0,0.9024390243902439,High
41,0,0.9047619047619048,High
42,0,0.9069767441860465,High
43,0,0.9090909090909091,High
44,0,0.9111111111111111,High
45,0,0.9130434782608695,High
46,0,0.9148936170212766,High
47,0,0.9166666666666666,High
48,0,0.9183673469387755,High
49,0,0.92,High
50,0,0.9215686274509803,High
51,0,0.9230769230769231,High
52,0,0.9245283018867925,High
53,0,0.9259259259259259,High
54,0,0.9272727272727272,High
55,0,0.9285714285714286,High
56,0,0.9298245614035088,High
57,0,0.9310344827586207,High
58,0,0.9322033898305084,High
59,1,0.9166666666666666,High
60,0,0.9166666666666666,High
61,0,0.9166666666666666,High
62,0,0.9166666666666666,High
63,0,0.9166666666666666,High
64,0,0.9166666666666666,High
65,0,0.9166666666666666,High
66,0,0.9166666666666666,High
67,0,0.9166666666666666,High
68,0,0.9166666666666666,High
69,0,0.9166666666666666,High
70,0,0.9166666666666666,High
71,0,0.9166666666666666,High
72,0,0.9166666666666666,High
73,0,0.9166666666666666,High
74,0,0.9166666666666666,High
75,0,0.9166666666666666,High
76,0,0.9166666666666666,High
77,0,0.9166666666666666,High
78,0,0.9166666666666666,High
79,0,0.9166666666666666,High
80,0,0.9333333333333333,High
81,0,0.9333333333333333,High
82,0,0.9333333333333333,High
83,0,0.9333333333333333,High
84,0,0.9333333333333333,High
85,0,0.9333333333333333,High
86,0,0.9333333333333333,High
87,0,0.9333333333333333,High
88,0,0.9333333333333333,High
89,0,0.9333333333333333,High
90,0,0.95,High
91,0,0.9666666666666667,High
92,0,0.9833333333333333,High
93,0,0.9833333333333333,High
94,0,0.9833333333333333,High
95,0,0.9833333333333333,High
96,0,0.9833333333333333,High
97,0,0.9833333333333333,High
98,0,0.9833333333333333,High
99,0,0.9833333333333333,High
100,0,0.9833333333333333,High
101,0,0.9833333333333333,High
102,0,0.9833333333333333,High
103,0,0.9833333333333333,High
104,0,0.9833333333333333,High
105,0,0.9833333333333333,High
106,0,0.9833333333333333,High
107,0,0.9833333333333333,High
108,0,0.9833333333333333,High
109,0,0.9833333333333333,High
110,0,0.9833333333333333,High
111,0,0.9833333333333333,High
112,0,0.9833333333333333,High
113,0,0.9833333333333333,High
114,0,0.9833333333333333,High
115,0,0.9833333333333333,High
116,0,0.9833333333333333,High
117,0,0.9833333333333333,High
118,0,0.9833333333333333,High
119,0,1.0,High
120,1,0.9833333333333333,High
121,0,0.9833333333333333,High
122,0,0.9833333333333333,High
123,0,0.9833333333333333,High
124,0,0.9833333333333333,High
125,0,0.9833333333333333,High
126,0,0.9833333333333333,High
127,0,0.9833333333333333,High
128,0,0.9833333333333333,High
129,0,0.9833333333333333,High
130,0,0.9833333333333333,High
131,0,0.9833333333333333,High
132,0,0.9833333333333333,High
133,0,0.9833333333333333,High
134,0,0.9833333333333333,High
135,0,0.9833333333333333,High
136,0,0.9833333333333333,High
137,0,0.9833333333333333,High
138,0,0.9833333333333333,High
139,0,0.9833333333333333,High
140,0,0.9833333333333333,High
141,0,0.9833333333333333,High
142,0,0.9833333333333333,High
143,0,0.9833333333333333,High
144,1,0.9666666666666667,High
145,1,0.95,High
146,0,0.95,High
147,0,0.95,High
148,0,0.95,High
149,1,0.9333333333333333,High
150,0,0.9333333333333333,High
151,0,0.9333333333333333,High
152,0,0.9333333333333333,High
153,0,0.9333333333333333,High
154,0,0.9333333333333333,High
155,0,0.9333333333333333,High
156,0,0.9333333333333333,High
157,0,0.9333333333333333,High
158,1,0.9166666666666666,High
159,1,0.9,High
160,0,0.9,High
161,0,0.9,High
162,0,0.9,High
163,0,0.9,High
164,0,0.9,High
165,0,0.9,High
166,0,0.9,High
167,0,0.9,High
168,0,0.9,High
169,0,0.9,High
170,0,0.9,High
171,1,0.8833333333333333,High
172,0,0.8833333333333333,High
173,0,0.8833333333333333,High
174,0,0.8833333333333333,High
175,0,0.8833333333333333,High
176,0,0.8833333333333333,High
177,0,0.8833333333333333,High
178,0,0.8833333333333333,High
179,0,0.8833333333333333,High
180,0,0.9,High
181,0,0.9,High
182,0,0.9,High
183,0,0.9,High
184,0,0.9,High
185,0,0.9,High
186,0,0.9,High
187,0,0.9,High
188,0,0.9,High
189,0,0.9,High
190,0,0.9,High
191,0,0.9,High
192,0,0.9,High
193,0,0.9,High
194,0,0.9,High
195,0,0.9,High
196,0,0.9,High
197,0,0.9,High
198,0,0.9,High
199,0,0.9,High
200,1,0.8833333333333333,High
201,1,0.8666666666666667,High
202,0,0.8666666666666667,High
203,0,0.8666666666666667,High
204,0,0.8833333333333333,High
205,0,0.9,High
206,0,0.9,High
207,0,0.9,High
208,0,0.9,High
209,0,0.9166666666666666,High
210,0,0.9166666666666666,High
211,0,0.9166666666666666,High
212,0,0.9166666666666666,High
213,0,0.9166666666666666,High
214,0,0.9166666666666666,High
215,0,0.9166666666666666,High
216,0,0.9166666666666666,High
217,0,0.9166666666666666,High
218,0,0.9333333333333333,High
219,0,0.95,High
220,0,0.95,High
221,0,0.95,High
222,0,0.95,High
223,0,0.95,High
224,0,0.95,High
225,0,0.95,High
226,0,0.95,High
227,0,0.95,High
228,0,0.95,High
229,0,0.95,High
230,0,0.95,High
231,0,0.9666666666666667,High
232,0,0.9666666666666667,High
233,0,0.9666666666666667,High
234,0,0.9666666666666667,High
235,0,0.9666666666666667,High
236,0,0.9666666666666667,High
237,0,0.9666666666666667,High
238,0,0.9666666666666667,High
239,0,0.9666666666666667,High
240,0,0.9666666666666667,High
241,0,0.9666666666666667,High
242,0,0.9666666666666667,High
243,0,0.9666666666666667,High
244,0,0.9666666666666667,High
245,0,0.9666666666666667,High
246,0,0.9666666666666667,High
247,0,0.9666666666666667,High
248,0,0.9666666666666667,High
249,0,0.9666666666666667,High
250,0,0.9666666666666667,High
251,0,0.9666666666666667,High
252,0,0.9666666666666667,High
253,0,0.9666666666666667,High
254,0,0.9666666666666667,High
255,0,0.9666666666666667,High
256,0,0.9666666666666667,High
257,0,0.9666666666666667,High
258,0,0.9666666666666667,High
259,0,0.9666666666666667,High
260,0,0.9833333333333333,High
261,0,1.0,High
262,0,1.0,High
263,0,1.0,High
264,0,1.0,High
265,0,1.0,High
266,1,0.9833333333333333,High
267,0,0.9833333333333333,High
268,0,0.9833333333333333,High
269,0,0.9833333333333333,High
270,1,0.9666666666666667,High
271,0,0.9666666666666667,High
272,0,0.9666666666666667,High
273,0,0.9666666666666667,High
274,0,0.9666666666666667,High
275,0,0.9666666666666667,High
276,0,0.9666666666666667,High
277,0,0.9666666666666667,High
278,0,0.9666666666666667,High
279,0,0.9666666666666667,High
280,0,0.9666666666666667,High
281,0,0.9666666666666667,High
282,0,0.9666666666666667,High
283,0,0.9666666666666667,High
284,0,0.9666666666666667,High
285,0,0.9666666666666667,High
286,0,0.9666666666666667,High
287,0,0.9666666666666667,High
288,0,0.9666666666666667,High
289,0,0.9666666666666667,High
290,1,0.95,High
291,0,0.95,High
292,0,0.95,High
293,0,0.95,High
294,0,0.95,High
295,0,0.95,High
296,0,0.95,High
297,0,0.95,High
298,0,0.95,High
299,0,0.95,High
300,0,0.95,High
301,1,0.9333333333333333,High
302,0,0.9333333333333333,High
303,0,0.9333333333333333,High
304,0,0.9333333333333333,High
305,0,0.9333333333333333,High
306,0,0.9333333333333333,High
307,0,0.9333333333333333,High
308,0,0.9333333333333333,High
309,1,0.9166666666666666,High
310,0,0.9166666666666666,High
311,0,0.9166666666666666,High
312,0,0.9166666666666666,High
313,0,0.9166666666666666,High
314,0,0.9166666666666666,High
315,0,0.9166666666666666,High
316,0,0.9166666666666666,High
317,0,0.9166666666666666,High
318,0,0.9166666666666666,High
319,0,0.9166666666666666,High
320,0,0.9166666666666666,High
321,0,0.9166666666666666,High
322,0,0.9166666666666666,High
323,0,0.9166666666666666,High
324,0,0.9166666666666666,High
325,0,0.9166666666666666,High
326,0,0.9333333333333333,High
327,0,0.9333333333333333,High
328,0,0.9333333333333333,High
329,0,0.9333333333333333,High
330,0,0.95,High
331,0,0.95,High
332,0,0.95,High
333,0,0.95,High
334,0,0.95,High
335,0,0.95,High
336,0,0.95,High
337,0,0.95,High
338,0,0.95,High
339,0,0.95,High
340,0,0.95,High
341,0,0.95,High
342,0,0.95,High
343,0,0.95,High
344,0,0.95,High
345,0,0.95,High
346,0,0.95,High
347,0,0.95,High
348,0,0.95,High
349,0,0.95,High
350,1,0.95,High
351,0,0.95,High
352,0,0.95,High
353,0,0.95,High
354,0,0.95,High
355,0,0.95,High
356,0,0.95,High
357,0,0.95,High
358,0,0.95,High
359,0,0.95,High
360,0,0.95,High
361,0,0.9666666666666667,High
362,0,0.9666666666666667,High
363,0,0.9666666666666667,High
364,0,0.9666666666666667,High
365,0,0.9666666666666667,High
366,0,0.9666666666666667,High
367,0,0.9666666666666667,High
368,0,0.9666666666666667,High
369,0,0.9833333333333333,High
370,0,0.9833333333333333,High
371,0,0.9833333333333333,High
372,0,0.9833333333333333,High
373,0,0.9833333333333333,High
374,0,0.9833333333333333,High
375,0,0.9833333333333333,High
376,0,0.9833333333333333,High
377,0,0.9833333333333333,High
378,0,0.9833333333333333,High
379,0,0.9833333333333333,High
380,0,0.9833333333333333,High
381,0,0.9833333333333333,High
382,0,0.9833333333333333,High
383,0,0.9833333333333333,High
384,0,0.9833333333333333,High
385,0,0.9833333333333333,High
386,0,0.9833333333333333,High
387,0,0.9833333333333333,High
388,0,0.9833333333333333,High
389,0,0.9833333333333333,High
390,0,0.9833333333333333,High
391,0,0.9833333333333333,High
392,0,0.9833333333333333,High
393,0,0.9833333333333333,High
394,0,0.9833333333333333,High
395,0,0.9833333333333333,High
396,0,0.9833333333333333,High
397,0,0.9833333333333333,High
398,0,0.9833333333333333,High
399,0,0.9833333333333333,High
400,0,0.9833333333333333,High
401,0,0.9833333333333333,High
402,0,0.9833333333333333,High
403,0,0.9833333333333333,High
404,0,0.9833333333333333,High
405,0,0.9833333333333333,High
406,0,0.9833333333333333,High
407,0,0.9833333333333333,High
408,0,0.9833333333333333,High
409,0,0.9833333333333333,High
410,0,1.0,High
411,0,1.0,High
412,0,1.0,High
413,0,1.0,High
414,0,1.0,High
415,0,1.0,High
416,0,1.0,High
417,0,1.0,High
418,0,1.0,High
419,0,1.0,High
420,0,1.0,High
421,0,1.0,High
422,1,0.9833333333333333,High
423,1,0.9666666666666667,High
424,1,0.95,High
425,1,0.9333333333333333,High
426,0,0.9333333333333333,High
427,0,0.9333333333333333,High
428,0,0.9333333333333333,High
429,0,0.9333333333333333,High
430,0,0.9333333333333333,High
431,0,0.9333333333333333,High
432,0,0.9333333333333333,High
433,0,0.9333333333333333,High
434,0,0.9333333333333333,High
435,0,0.9333333333333333,High
436,0,0.9333333333333333,High
437,0,0.9333333333333333,High
438,0,0.9333333333333333,High
439,0,0.9333333333333333,High
440,0,0.9333333333333333,High
441,0,0.9333333333333333,High
442,0,0.9333333333333333,High
443,0,0.9333333333333333,High
444,0,0.9333333333333333,High
445,0,0.9333333333333333,High
446,0,0.9333333333333333,High
447,0,0.9333333333333333,High
448,0,0.9333333333333333,High
449,0,0.9333333333333333,High
450,0,0.9333333333333333,High
451,0,0.9333333333333333,High
452,0,0.9333333333333333,High
453,0,0.9333333333333333,High
454,0,0.9333333333333333,High
455,0,0.9333333333333333,High
456,0,0.9333333333333333,High
457,0,0.9333333333333333,High
458,0,0.9333333333333333,High
459,0,0.9333333333333333,High
460,0,0.9333333333333333,High
461,0,0.9333333333333333,High
462,0,0.9333333333333333,High
463,0,0.9333333333333333,High
464,0,0.9333333333333333,High
465,0,0.9333333333333333,High
466,0,0.9333333333333333,High
467,0,0.9333333333333333,High
468,0,0.9333333333333333,High
469,0,0.9333333333333333,High
470,0,0.9333333333333333,High
471,0,0.9333333333333333,High
472,0,0.9333333333333333,High
473,1,0.9166666666666666,High
474,0,0.9166666666666666,High
475,0,0.9166666666666666,High
476,0,0.9166666666666666,High
477,0,0.9166666666666666,High
478,0,0.9166666666666666,High
479,1,0.9,High
480,0,0.9,High
481,0,0.9,High
482,0,0.9166666666666666,High
483,0,0.9333333333333333,High
484,0,0.95,High
485,0,0.9666666666666667,High
486,0,0.9666666666666667,High
487,0,0.9666666666666667,High
488,0,0.9666666666666667,High
489,0,0.9666666666666667,High
490,0,0.9666666666666667,High
491,0,0.9666666666666667,High
492,0,0.9666666666666667,High
493,0,0.9666666666666667,High
494,0,0.9666666666666667,High
495,0,0.9666666666666667,High
496,0,0.9666666666666667,High
497,0,0.9666666666666667,High
498,0,0.9666666666666667,High
499,0,0.9666666666666667,High
500,0,0.9666666666666667,High
501,0,0.9666666666666667,High
502,0,0.9666666666666667,High
503,0,0.9666666666666667,High
504,0,0.9666666666666667,High
505,0,0.9666666666666667,High
506,0,0.9666666666666667,High
507,0,0.9666666666666667,High
508,0,0.9666666666666667,High
509,0,0.9666666666666667,High
510,0,0.9666666666666667,High
511,0,0.9666666666666667,High
512,0,0.9666666666666667,High
513,0,0.9666666666666667,High
514,0,0.9666666666666667,High
515,0,0.9666666666666667,High
516,0,0.9666666666666667,High
517,0,0.9666666666666667,High
518,0,0.9666666666666667,High
519,0,0.9666666666666667,High
520,0,0.9666666666666667,High
521,0,0.9666666666666667,High
522,0,0.9666666666666667,High
523,0,0.9666666666666667,High
524,0,0.9666666666666667,High
525,0,0.9666666666666667,High
526,0,0.9666666666666667,High
527,0,0.9666666666666667,High
528,0,0.9666666666666667,High
529,0,0.9666666666666667,High
530,0,0.9666666666666667,High
531,0,0.9666666666666667,High
532,0,0.9666666666666667,High
533,0,0.9833333333333333,High
534,0,0.9833333333333333,High
535,0,0.9833333333333333,High
536,0,0.9833333333333333,High
537,0,0.9833333333333333,High
538,0,0.9833333333333333,High
539,0,1.0,High
540,0,1.0,High
541,0,1.0,High
542,0,1.0,High
543,0,1.0,High
544,0,1.0,High
545,0,1.0,High
546,0,1.0,High
547,0,1.0,High
548,1,0.9833333333333333,High
549,1,0.9666666666666667,High
550,0,0.9666666666666667,High
551,0,0.9666666666666667,High
552,0,0.9666666666666667,High
553,0,0.9666666666666667,High
554,0,0.9666666666666667,High
555,0,0.9666666666666667,High
556,0,0.9666666666666667,High
557,0,0.9666666666666667,High
558,0,0.9666666666666667,High
559,0,0.9666666666666667,High
560,0,0.9666666666666667,High
561,0,0.9666666666666667,High
562,0,0.9666666666666667,High
563,0,0.9666666666666667,High
564,0,0.9666666666666667,High
565,0,0.9666666666666667,High
566,0,0.9666666666666667,High
567,0,0.9666666666666667,High
568,0,0.9666666666666667,High
569,0,0.9666666666666667,High
570,1,0.95,High
571,0,0.95,High
572,0,0.95,High
573,0,0.95,High
574,0,0.95,High
575,0,0.95,High
576,0,0.95,High
577,0,0.95,High
578,0,0.95,High
579,0,0.95,High
580,0,0.95,High
581,0,0.95,High
582,0,0.95,High
583,0,0.95,High
584,0,0.95,High
585,0,0.95,High
586,0,0.95,High
587,0,0.95,High
588,0,0.95,High
589,0,0.95,High
590,0,0.95,High
591,0,0.95,High
592,0,0.95,High
593,0,0.95,High
594,1,0.9333333333333333,High
595,0,0.9333333333333333,High
596,0,0.9333333333333333,High
597,0,0.9333333333333333,High
598,0,0.9333333333333333,High
599,0,0.9333333333333333,High
600,0,0.9333333333333333,High
601,0,0.9333333333333333,High
602,0,0.9333333333333333,High
603,0,0.9333333333333333,High
604,0,0.9333333333333333,High
605,0,0.9333333333333333,High
606,0,0.9333333333333333,High
607,0,0.9333333333333333,High
608,0,0.95,High
609,0,0.9666666666666667,High
610,0,0.9666666666666667,High
611,0,0.9666666666666667,High
612,0,0.9666666666666667,High
613,0,0.9666666666666667,High
614,0,0.9666666666666667,High
615,0,0.9666666666666667,High
616,0,0.9666666666666667,High
617,0,0.9666666666666667,High
618,0,0.9666666666666667,High
619,0,0.9666666666666667,High
620,0,0.9666666666666667,High
621,0,0.9666666666666667,High
622,0,0.9666666666666667,High
623,0,0.9666666666666667,High
624,0,0.9666666666666667,High
625,0,0.9666666666666667,High
626,0,0.9666666666666667,High
627,0,0.9666666666666667,High
628,0,0.9666666666666667,High
629,0,0.9666666666666667,High
630,0,0.9833333333333333,High
631,0,0.9833333333333333,High
632,0,0.9833333333333333,High
633,0,0.9833333333333333,High
634,0,0.9833333333333333,High
635,0,0.9833333333333333,High
636,0,0.9833333333333333,High
637,0,0.9833333333333333,High
638,0,0.9833333333333333,High
639,0,0.9833333333333333,High
640,0,0.9833333333333333,High
641,1,0.9666666666666667,High
642,0,0.9666666666666667,High
643,0,0.9666666666666667,High
644,0,0.9666666666666667,High
645,0,0.9666666666666667,High
646,0,0.9666666666666667,High
647,0,0.9666666666666667,High
648,0,0.9666666666666667,High
649,0,0.9666666666666667,High
650,0,0.9666666666666667,High
651,0,0.9666666666666667,High
652,0,0.9666666666666667,High
653,0,0.9666666666666667,High
654,0,0.9833333333333333,High
655,0,0.9833333333333333,High
656,0,0.9833333333333333,High
657,0,0.9833333333333333,High
658,0,0.9833333333333333,High
659,0,0.9833333333333333,High
660,0,0.9833333333333333,High
661,0,0.9833333333333333,High
662,0,0.9833333333333333,High
663,0,0.9833333333333333,High
664,0,0.9833333333333333,High
665,0,0.9833333333333333,High
666,0,0.9833333333333333,High
667,0,0.9833333333333333,High
668,0,0.9833333333333333,High
669,0,0.9833333333333333,High
670,0,0.9833333333333333,High
671,0,0.9833333333333333,High
672,0,0.9833333333333333,High
673,0,0.9833333333333333,High
674,0,0.9833333333333333,High
675,0,0.9833333333333333,High
676,0,0.9833333333333333,High
677,0,0.9833333333333333,High
678,0,0.9833333333333333,High
679,0,0.9833333333333333,High
680,0,0.9833333333333333,High
681,0,0.9833333333333333,High
682,0,0.9833333333333333,High
683,0,0.9833333333333333,High
684,0,0.9833333333333333,High
685,0,0.9833333333333333,High
686,0,0.9833333333333333,High
687,0,0.9833333333333333,High
688,0,0.9833333333333333,High
689,0,0.9833333333333333,High
690,0,0.9833333333333333,High
691,0,0.9833333333333333,High
692,0,0.9833333333333333,High
693,0,0.9833333333333333,High
694,0,0.9833333333333333,High
695,0,0.9833333333333333,High
696,0,0.9833333333333333,High
697,0,0.9833333333333333,High
698,0,0.9833333333333333,High
699,0,0.9833333333333333,High
700,0,0.9833333333333333,High
701,0,1.0,High
702,0,1.0,High
703,0,1.0,High
704,0,1.0,High
705,0,1.0,High
706,0,1.0,High
707,0,1.0,High
708,0,1.0,High
709,0,1.0,High
710,0,1.0,High
711,0,1.0,High
712,0,1.0,High
713,0,1.0,High
714,0,1.0,High
715,1,0.9833333333333333,High
716,0,0.9833333333333333,High
717,0,0.9833333333333333,High
718,0,0.9833333333333333,High
719,0,0.9833333333333333,High
720,0,0.9833333333333333,High
721,0,0.9833333333333333,High
722,0,0.9833333333333333,High
723,0,0.9833333333333333,High
724,0,0.9833333333333333,High
725,0,0.9833333333333333,High
726,0,0.9833333333333333,High
727,1,0.9666666666666667,High
728,0,0.9666666666666667,High
729,0,0.9666666666666667,High
730,0,0.9666666666666667,High
731,0,0.9666666666666667,High
732,0,0.9666666666666667,High
733,0,0.9666666666666667,High
734,0,0.9666666666666667,High
735,0,0.9666666666666667,High
736,0,0.9666666666666667,High
737,0,0.9666666666666667,High
738,0,0.9666666666666667,High
739,0,0.9666666666666667,High
740,0,0.9666666666666667,High
741,0,0.9666666666666667,High
742,0,0.9666666666666667,High
743,0,0.9666666666666667,High
744,0,0.9666666666666667,High
745,0,0.9666666666666667,High
746,0,0.9666666666666667,High
747,0,0.9666666666666667,High
748,0,0.9666666666666667,High
749,0,0.9666666666666667,High
750,0,0.9666666666666667,High
751,0,0.9666666666666667,High
752,0,0.9666666666666667,High
753,0,0.9666666666666667,High
754,0,0.9666666666666667,High
755,0,0.9666666666666667,High
756,0,0.9666666666666667,High
757,0,0.9666666666666667,High
758,0,0.9666666666666667,High
759,0,0.9666666666666667,High
760,0,0.9666666666666667,High
761,0,0.9666666666666667,High
762,0,0.9666666666666667,High
763,0,0.9666666666666667,High
764,0,0.9666666666666667,High
765,0,0.9666666666666667,High
766,0,0.9666666666666667,High
767,0,0.9666666666666667,High
768,0,0.9666666666666667,High
769,0,0.9666666666666667,High
770,0,0.9666666666666667,High
771,0,0.9666666666666667,High
772,0,0.9666666666666667,High
773,0,0.9666666666666667,High
774,0,0.9666666666666667,High
775,0,0.9833333333333333,High
776,0,0.9833333333333333,High
777,0,0.9833333333333333,High
778,0,0.9833333333333333,High
779,0,0.9833333333333333,High
780,0,0.9833333333333333,High
781,0,0.9833333333333333,High
782,0,0.9833333333333333,High
783,0,0.9833333333333333,High
784,0,0.9833333333333333,High
785,0,0.9833333333333333,High
786,0,0.9833333333333333,High
787,0,1.0,High
788,0,1.0,High
789,0,1.0,High
790,0,1.0,High
791,0,1.0,High
792,0,1.0,High
793,0,1.0,High
794,0,1.0,High
795,0,1.0,High
796,0,1.0,High
797,0,1.0,High
798,0,1.0,High
799,0,1.0,High
800,0,1.0,High
801,0,1.0,High
802,0,1.0,High
803,0,1.0,High
804,0,1.0,High
805,0,1.0,High
806,0,1.0,High
807,0,1.0,High
808,0,1.0,High
809,0,1.0,High
810,0,1.0,High
811,0,1.0,High
812,0,1.0,High
813,0,1.0,High
814,0,1.0,High
815,0,1.0,High
816,0,1.0,High
817,0,1.0,High
818,0,1.0,High
819,0,1.0,High
820,0,1.0,High
821,0,1.0,High
822,0,1.0,High
823,0,1.0,High
824,0,1.0,High
825,0,1.0,High
826,0,1.0,High
827,0,1.0,High
828,0,1.0,High
829,0,1.0,High
830,0,1.0,High
831,0,1.0,High
832,0,1.0,High
833,0,1.0,High
834,0,1.0,High
835,0,1.0,High
836,0,1.0,High
837,0,1.0,High
838,0,1.0,High
839,0,1.0,High
840,0,1.0,High
841,0,1.0,High
842,0,1.0,High
843,0,1.0,High
844,0,1.0,High
845,0,1.0,High
846,0,1.0,High
847,0,1.0,High
848,0,1.0,High
849,0,1.0,High
850,0,1.0,High
851,0,1.0,High
852,0,1.0,High
853,0,1.0,High
854,0,1.0,High
855,0,1.0,High
856,0,1.0,High
857,0,1.0,High
858,0,1.0,High
859,1,0.9833333333333333,High
860,0,0.9833333333333333,High
861,0,0.9833333333333333,High
862,0,0.9833333333333333,High
863,0,0.9833333333333333,High
864,0,0.9833333333333333,High
865,0,0.9833333333333333,High
866,0,0.9833333333333333,High
867,0,0.9833333333333333,High
868,1,0.9666666666666667,High
869,0,0.9666666666666667,High
870,0,0.9666666666666667,High
871,0,0.9666666666666667,High
872,0,0.9666666666666667,High
873,0,0.9666666666666667,High
874,0,0.9666666666666667,High
875,0,0.9666666666666667,High
876,0,0.9666666666666667,High
877,0,0.9666666666666667,High
878,0,0.9666666666666667,High
879,0,0.9666666666666667,High
880,0,0.9666666666666667,High
881,0,0.9666666666666667,High
882,0,0.9666666666666667,High
883,0,0.9666666666666667,High
884,0,0.9666666666666667,High
885,0,0.9666666666666667,High
886,0,0.9666666666666667,High
887,0,0.9666666666666667,High
888,0,0.9666666666666667,High
889,0,0.9666666666666667,High
890,0,0.9666666666666667,High
891,0,0.9666666666666667,High
892,0,0.9666666666666667,High
893,0,0.9666666666666667,High
894,0,0.9666666666666667,High
895,0,0.9666666666666667,High
896,0,0.9666666666666667,High
897,0,0.9666666666666667,High
898,0,0.9666666666666667,High
899,0,0.9666666666666667,High
900,0,0.9666666666666667,High
901,0,0.9666666666666667,High
902,0,0.9666666666666667,High
903,0,0.9666666666666667,High
904,0,0.9666666666666667,High
905,0,0.9666666666666667,High
906,0,0.9666666666666667,High
907,0,0.9666666666666667,High
908,0,0.9666666666666667,High
909,0,0.9666666666666667,High
910,0,0.9666666666666667,High
911,0,0.9666666666666667,High
912,0,0.9666666666666667,High
913,0,0.9666666666666667,High
914,0,0.9666666666666667,High
915,0,0.9666666666666667,High
916,0,0.9666666666666667,High
917,0,0.9666666666666667,High
918,0,0.9666666666666667,High
919,1,0.9666666666666667,High
920,0,0.9666666666666667,High
921,0,0.9666666666666667,High
922,0,0.9666666666666667,High
923,0,0.9666666666666667,High
924,0,0.9666666666666667,High
925,0,0.9666666666666667,High
926,0,0.9666666666666667,High
927,0,0.9666666666666667,High
928,0,0.9833333333333333,High
929,0,0.9833333333333333,High
930,0,0.9833333333333333,High
931,0,0.9833333333333333,High
932,0,0.9833333333333333,High
933,0,0.9833333333333333,High
934,0,0.9833333333333333,High
935,0,0.9833333333333333,High
936,0,0.9833333333333333,High
937,0,0.9833333333333333,High
938,0,0.9833333333333333,High
939,0,0.9833333333333333,High
940,0,0.9833333333333333,High
941,0,0.9833333333333333,High
942,0,0.9833333333333333,High
943,0,0.9833333333333333,High
944,0,0.9833333333333333,High
945,0,0.9833333333333333,High
946,0,0.9833333333333333,High
947,0,0.9833333333333333,High
948,0,0.9833333333333333,High
949,0,0.9833333333333333,High
950,1,0.9666666666666667,High
951,0,0.9666666666666667,High
952,1,0.95,High
953,0,0.95,High
954,0,0.95,High
955,0,0.95,High
956,0,0.95,High
957,0,0.95,High
958,0,0.95,High
959,0,0.95,High
960,0,0.95,High
961,0,0.95,High
962,0,0.95,High
963,0,0.95,High
964,0,0.95,High
965,0,0.95,High
966,0,0.95,High
967,0,0.95,High
968,0,0.95,High
969,0,0.95,High
970,0,0.95,High
971,0,0.95,High
972,0,0.95,High
973,0,0.95,High
974,0,0.95,High
975,0,0.95,High
976,0,0.95,High
977,0,0.95,High
978,0,0.95,High
979,0,0.9666666666666667,High
980,1,0.95,High
981,0,0.95,High
982,0,0.95,High
983,0,0.95,High
984,0,0.95,High
985,0,0.95,High
986,0,0.95,High
987,0,0.95,High
988,0,0.95,High
989,0,0.95,High
990,0,0.95,High
991,0,0.95,High
992,0,0.95,High
993,0,0.95,High
994,0,0.95,High
995,0,0.95,High
996,0,0.95,High
997,0,0.95,High
998,0,0.95,High
999,0,0.95,High
1000,0,0.95,High
1001,0,0.95,High
1002,0,0.95,High
1003,0,0.95,High
1004,0,0.95,High
1005,0,0.95,High
1006,0,0.95,High
1007,0,0.95,High
1008,0,0.95,High
1009,0,0.95,High
1010,0,0.9666666666666667,High
1011,0,0.9666666666666667,High
1012,0,0.9833333333333333,High
1013,0,0.9833333333333333,High
1014,0,0.9833333333333333,High
1015,0,0.9833333333333333,High
1016,0,0.9833333333333333,High
1017,0,0.9833333333333333,High
1018,0,0.9833333333333333,High
1019,0,0.9833333333333333,High
1020,0,0.9833333333333333,High
1021,0,0.9833333333333333,High
1022,0,0.9833333333333333,High
1023,0,0.9833333333333333,High
1024,0,0.9833333333333333,High
1025,0,0.9833333333333333,High
1026,0,0.9833333333333333,High
1027,0,0.9833333333333333,High
1028,0,0.9833333333333333,High
1029,0,0.9833333333333333,High
1030,0,0.9833333333333333,High
1031,0,0.9833333333333333,High
1032,0,0.9833333333333333,High
1033,0,0.9833333333333333,High
1034,0,0.9833333333333333,High
1035,0,0.9833333333333333,High
1036,0,0.9833333333333333,High
1037,0,0.9833333333333333,High
1038,0,0.9833333333333333,High
1039,0,0.9833333333333333,High
1040,0,1.0,High
1041,0,1.0,High
1042,0,1.0,High
1043,0,1.0,High
1044,0,1.0,High
1045,0,1.0,High
1046,0,1.0,High
1047,0,1.0,High
1048,0,1.0,High
1049,0,1.0,High
1050,0,1.0,High
1051,0,1.0,High
1052,0,1.0,High
1053,0,1.0,High
1054,0,1.0,High
1055,0,1.0,High
1056,0,1.0,High
1057,0,1.0,High
1058,0,1.0,High
1059,0,1.0,High
1060,0,1.0,High
1061,0,1.0,High
1062,0,1.0,High
1063,0,1.0,High
1064,0,1.0,High
1065,0,1.0,High
1066,0,1.0,High
1067,0,1.0,High
1068,0,1.0,High
1069,0,1.0,High
1070,0,1.0,High
1071,0,1.0,High
1072,0,1.0,High
1073,0,1.0,High
1074,0,1.0,High
1075,0,1.0,High
1076,0,1.0,High
1077,0,1.0,High
1078,0,1.0,High
1079,0,1.0,High
1080,0,1.0,High
1081,0,1.0,High
1082,0,1.0,High
1083,0,1.0,High
1084,0,1.0,High
1085,0,1.0,High
1086,0,1.0,High
1087,0,1.0,High
1088,0,1.0,High
1089,0,1.0,High
1090,0,1.0,High
1091,0,1.0,High
1092,0,1.0,High
1093,0,1.0,High
1094,0,1.0,High
1095,0,1.0,High
1096,0,1.0,High
1097,0,1.0,High
1098,0,1.0,High
1099,0,1.0,High
1100,1,0.9833333333333333,High
1101,0,0.9833333333333333,High
1102,0,0.9833333333333333,High
1103,0,0.9833333333333333,High
1104,0,0.9833333333333333,High
1105,0,0.9833333333333333,High
1106,0,0.9833333333333333,High
1107,0,0.9833333333333333,High
1108,0,0.9833333333333333,High
1109,0,0.9833333333333333,High
1110,0,0.9833333333333333,High
1111,0,0.9833333333333333,High
1112,1,0.9666666666666667,High
1113,1,0.95,High
1114,0,0.95,High
1115,0,0.95,High
1116,0,0.95,High
1117,0,0.95,High
1118,0,0.95,High
1119,0,0.95,High
1120,0,0.95,High
1121,0,0.95,High
1122,0,0.95,High
1123,0,0.95,High
1124,0,0.95,High
1125,0,0.95,High
1126,0,0.95,High
1127,0,0.95,High
1128,0,0.95,High
1129,0,0.95,High
1130,0,0.95,High
1131,0,0.95,High
1132,0,0.95,High
1133,0,0.95,High
1134,0,0.95,High
1135,0,0.95,High
1136,0,0.95,High
1137,0,0.95,High
1138,0,0.95,High
1139,0,0.95,High
1140,0,0.95,High
1141,0,0.95,High
1142,0,0.95,High
1143,0,0.95,High
1144,1,0.9333333333333333,High
1145,0,0.9333333333333333,High
1146,0,0.9333333333333333,High
1147,0,0.9333333333333333,High
1148,0,0.9333333333333333,High
1149,0,0.9333333333333333,High
1150,0,0.9333333333333333,High
1151,0,0.9333333333333333,High
1152,0,0.9333333333333333,High
1153,0,0.9333333333333333,High
1154,0,0.9333333333333333,High
1155,1,0.9166666666666666,High
1156,0,0.9166666666666666,High
1157,0,0.9166666666666666,High
1158,0,0.9166666666666666,High
1159,0,0.9166666666666666,High
1160,0,0.9333333333333333,High
1161,1,0.9166666666666666,High
1162,0,0.9166666666666666,High
1163,0,0.9166666666666666,High
1164,0,0.9166666666666666,High
1165,0,0.9166666666666666,High
1166,0,0.9166666666666666,High
1167,0,0.9166666666666666,High
1168,0,0.9166666666666666,High
1169,0,0.9166666666666666,High
1170,0,0.9166666666666666,High
1171,0,0.9166666666666666,High
1172,0,0.9333333333333333,High
1173,0,0.95,High
1174,0,0.95,High
1175,0,0.95,High
1176,1,0.9333333333333333,High
1177,1,0.9166666666666666,High
1178,0,0.9166666666666666,High
1179,0,0.9166666666666666,High
1180,0,0.9166666666666666,High
1181,0,0.9166666666666666,High
1182,0,0.9166666666666666,High
1183,0,0.9166666666666666,High
1184,0,0.9166666666666666,High
1185,0,0.9166666666666666,High
1186,0,0.9166666666666666,High
1187,0,0.9166666666666666,High
1188,0,0.9166666666666666,High
1189,0,0.9166666666666666,High
1190,0,0.9166666666666666,High
1191,0,0.9166666666666666,High
1192,0,0.9166666666666666,High
1193,0,0.9166666666666666,High
1194,0,0.9166666666666666,High
1195,0,0.9166666666666666,High
1196,0,0.9166666666666666,High
1197,0,0.9166666666666666,High
1198,0,0.9166666666666666,High
1199,0,0.9166666666666666,High
1200,0,0.9166666666666666,High
1201,0,0.9166666666666666,High
1202,0,0.9166666666666666,High
1203,0,0.9166666666666666,High
1204,0,0.9333333333333333,High
1205,0,0.9333333333333333,High
1206,0,0.9333333333333333,High
1207,0,0.9333333333333333,High
1208,0,0.9333333333333333,High
1209,0,0.9333333333333333,High
1210,0,0.9333333333333333,High
1211,0,0.9333333333333333,High
1212,0,0.9333333333333333,High
1213,0,0.9333333333333333,High
1214,0,0.9333333333333333,High
1215,0,0.95,High
1216,0,0.95,High
1217,0,0.95,High
1218,0,0.95,High
1219,0,0.95,High
1220,0,0.95,High
1221,0,0.9666666666666667,High
1222,0,0.9666666666666667,High
1223,0,0.9666666666666667,High
1224,0,0.9666666666666667,High
1225,0,0.9666666666666667,High
1226,0,0.9666666666666667,High
1227,0,0.9666666666666667,High
1228,0,0.9666666666666667,High
1229,0,0.9666666666666667,High
1230,0,0.9666666666666667,High
1231,0,0.9666666666666667,High
1232,0,0.9666666666666667,High
1233,0,0.9666666666666667,High
1234,0,0.9666666666666667,High
1235,0,0.9666666666666667,High
1236,0,0.9833333333333333,High
1237,0,1.0,High
1238,0,1.0,High
1239,0,1.0,High
1240,0,1.0,High
1241,0,1.0,High
1242,0,1.0,High
1243,0,1.0,High
1244,0,1.0,High
1245,0,1.0,High
1246,0,1.0,High
1247,0,1.0,High
1248,0,1.0,High
1249,0,1.0,High
1250,0,1.0,High
1251,0,1.0,High
1252,0,1.0,High
1253,0,1.0,High
1254,0,1.0,High
1255,0,1.0,High
1256,0,1.0,High
1257,0,1.0,High
1258,0,1.0,High
1259,0,1.0,High
1260,0,1.0,High
1261,0,1.0,High
1262,0,1.0,High
1263,0,1.0,High
1264,0,1.0,High
1265,0,1.0,High
1266,0,1.0,High
1267,0,1.0,High
1268,0,1.0,High
1269,0,1.0,High
1270,0,1.0,High
1271,0,1.0,High
1272,0,1.0,High
1273,0,1.0,High
1274,0,1.0,High
1275,0,1.0,High
1276,0,1.0,High
1277,0,1.0,High
1278,0,1.0,High
1279,0,1.0,High
1280,0,1.0,High
1281,0,1.0,High
1282,0,1.0,High
1283,0,1.0,High
1284,0,1.0,High
1285,0,1.0,High
1286,0,1.0,High
1287,0,1.0,High
1288,0,1.0,High
1289,0,1.0,High
1290,0,1.0,High
1291,0,1.0,High
1292,0,1.0,High
1293,0,1.0,High
1294,0,1.0,High
1295,0,1.0,High
1296,0,1.0,High
1297,0,1.0,High
1298,0,1.0,High
1299,0,1.0,High
1300,0,1.0,High
1301,0,1.0,High
1302,0,1.0,High
1303,0,1.0,High
1304,0,1.0,High
1305,0,1.0,High
1306,0,1.0,High
1307,0,1.0,High
1308,0,1.0,High
1309,0,1.0,High
1310,0,1.0,High
1311,0,1.0,High
1312,0,1.0,High
1313,0,1.0,High
1314,0,1.0,High
1315,0,1.0,High
1316,1,0.9833333333333333,High
1317,1,0.9666666666666667,High
1318,0,0.9666666666666667,High
1319,0,0.9666666666666667,High
1320,0,0.9666666666666667,High
1321,0,0.9666666666666667,High
1322,0,0.9666666666666667,High
1323,0,0.9666666666666667,High
1324,0,0.9666666666666667,High
1325,0,0.9666666666666667,High
1326,0,0.9666666666666667,High
1327,0,0.9666666666666667,High
1328,0,0.9666666666666667,High
1329,0,0.9666666666666667,High
1330,0,0.9666666666666667,High
1331,0,0.9666666666666667,High
1332,0,0.9666666666666667,High
1333,0,0.9666666666666667,High
1334,0,0.9666666666666667,High
1335,0,0.9666666666666667,High
1336,0,0.9666666666666667,High
1337,0,0.9666666666666667,High
1338,0,0.9666666666666667,High
1339,0,0.9666666666666667,High
1340,0,0.9666666666666667,High
1341,0,0.9666666666666667,High
1342,0,0.9666666666666667,High
1343,0,0.9666666666666667,High
1344,0,0.9666666666666667,High
1345,0,0.9666666666666667,High
1346,0,0.9666666666666667,High
1347,0,0.9666666666666667,High
1348,0,0.9666666666666667,High
1349,0,0.9666666666666667,High
1350,0,0.9666666666666667,High
1351,0,0.9666666666666667,High
1352,0,0.9666666666666667,High
1353,0,0.9666666666666667,High
1354,0,0.9666666666666667,High
1355,0,0.9666666666666667,High
1356,0,0.9666666666666667,High
1357,0,0.9666666666666667,High
1358,0,0.9666666666666667,High
1359,0,0.9666666666666667,High
1360,0,0.9666666666666667,High
1361,0,0.9666666666666667,High
1362,0,0.9666666666666667,High
1363,0,0.9666666666666667,High
1364,0,0.9666666666666667,High
1365,0,0.9666666666666667,High
1366,0,0.9666666666666667,High
1367,0,0.9666666666666667,High
1368,0,0.9666666666666667,High
1369,0,0.9666666666666667,High
1370,0,0.9666666666666667,High
1371,0,0.9666666666666667,High
1372,0,0.9666666666666667,High
1373,0,0.9666666666666667,High
1374,0,0.9666666666666667,High
1375,0,0.9666666666666667,High
1376,0,0.9833333333333333,High
1377,0,1.0,High
1378,0,1.0,High
1379,0,1.0,High
1380,0,1.0,High
1381,0,1.0,High
1382,0,1.0,High
1383,0,1.0,High
1384,0,1.0,High
1385,0,1.0,High
1386,0,1.0,High
1387,0,1.0,High
1388,0,1.0,High
1389,0,1.0,High
1390,0,1.0,High
1391,0,1.0,High
1392,0,1.0,High
1393,1,0.9833333333333333,High
1394,0,0.9833333333333333,High
1395,0,0.9833333333333333,High
1396,0,0.9833333333333333,High
1397,0,0.9833333333333333,High
1398,0,0.9833333333333333,High
1399,0,0.9833333333333333,High
1400,0,0.9833333333333333,High
1401,0,0.9833333333333333,High
1402,0,0.9833333333333333,High
1403,0,0.9833333333333333,High
1404,0,0.9833333333333333,High
1405,0,0.9833333333333333,High
1406,0,0.9833333333333333,High
1407,0,0.9833333333333333,High
1408,0,0.9833333333333333,High
1409,0,0.9833333333333333,High
1410,0,0.9833333333333333,High
1411,0,0.9833333333333333,High
1412,0,0.9833333333333333,High
1413,0,0.9833333333333333,High
1414,0,0.9833333333333333,High
1415,0,0.9833333333333333,High
1416,0,0.9833333333333333,High
1417,0,0.9833333333333333,High
1418,0,0.9833333333333333,High
1419,0,0.9833333333333333,High
1420,0,0.9833333333333333,High
1421,0,0.9833333333333333,High
1422,0,0.9833333333333333,High
1423,0,0.9833333333333333,High
1424,0,0.9833333333333333,High
1425,0,0.9833333333333333,High
1426,0,0.9833333333333333,High
1427,0,0.9833333333333333,High
1428,0,0.9833333333333333,High
1429,0,0.9833333333333333,High
1430,0,0.9833333333333333,High
1431,1,0.9666666666666667,High
1432,0,0.9666666666666667,High
1433,0,0.9666666666666667,High
1434,0,0.9666666666666667,High
1435,0,0.9666666666666667,High
1436,0,0.9666666666666667,High
1437,0,0.9666666666666667,High
1438,0,0.9666666666666667,High
1439,0,0.9666666666666667,High
1440,0,0.9666666666666667,High
1441,0,0.9666666666666667,High
1442,0,0.9666666666666667,High
1443,0,0.9666666666666667,High
1444,0,0.9666666666666667,High
1445,1,0.95,High
1446,0,0.95,High
1447,0,0.95,High
1448,0,0.95,High
1449,0,0.95,High
1450,0,0.95,High
1451,0,0.95,High
1452,0,0.95,High
1453,0,0.9666666666666667,High
1454,0,0.9666666666666667,High
1455,0,0.9666666666666667,High
1456,0,0.9666666666666667,High
1457,0,0.9666666666666667,High
1458,0,0.9666666666666667,High
1459,0,0.9666666666666667,High
1460,0,0.9666666666666667,High
1461,0,0.9666666666666667,High
1462,0,0.9666666666666667,High
1463,0,0.9666666666666667,High
1464,0,0.9666666666666667,High
1465,0,0.9666666666666667,High
1466,0,0.9666666666666667,High
1467,0,0.9666666666666667,High
1468,0,0.9666666666666667,High
1469,0,0.9666666666666667,High
1470,0,0.9666666666666667,High
1471,0,0.9666666666666667,High
1472,0,0.9666666666666667,High
1473,0,0.9666666666666667,High
1474,0,0.9666666666666667,High
1475,0,0.9666666666666667,High
1476,0,0.9666666666666667,High
1477,0,0.9666666666666667,High
1478,0,0.9666666666666667,High
1479,0,0.9666666666666667,High
1480,0,0.9666666666666667,High
1481,0,0.9666666666666667,High
1482,0,0.9666666666666667,High
1483,0,0.9666666666666667,High
1484,0,0.9666666666666667,High
1485,0,0.9666666666666667,High
1486,0,0.9666666666666667,High
1487,0,0.9666666666666667,High
1488,0,0.9666666666666667,High
1489,0,0.9666666666666667,High
1490,0,0.9666666666666667,High
1491,0,0.9833333333333333,High
1492,0,0.9833333333333333,High
1493,0,0.9833333333333333,High
1494,0,0.9833333333333333,High
1495,0,0.9833333333333333,High
1496,0,0.9833333333333333,High
1497,0,0.9833333333333333,High
1498,0,0.9833333333333333,High
1499,0,0.9833333333333333,High
1500,0,0.9833333333333333,High
1501,0,0.9833333333333333,High
1502,0,0.9833333333333333,High
1503,0,0.9833333333333333,High
1504,0,0.9833333333333333,High
1505,0,1.0,High
1506,0,1.0,High
1507,0,1.0,High
1508,0,1.0,High
1509,0,1.0,High
1510,0,1.0,High
1511,0,1.0,High
1512,0,1.0,High
1513,0,1.0,High
1514,0,1.0,High
1515,0,1.0,High
1516,0,1.0,High
1517,0,1.0,High
1518,0,1.0,High
1519,0,1.0,High
1520,0,1.0,High
1521,0,1.0,High
1522,0,1.0,High
1523,0,1.0,High
1524,0,1.0,High
1525,0,1.0,High
1526,0,1.0,High
1527,1,0.9833333333333333,High
1528,0,0.9833333333333333,High
1529,0,0.9833333333333333,High
1530,0,0.9833333333333333,High
1531,0,0.9833333333333333,High
1532,1,0.9666666666666667,High
1533,1,0.95,High
1534,0,0.95,High
1535,0,0.95,High
1536,0,0.95,High
1537,0,0.95,High
1538,0,0.95,High
1539,0,0.95,High
1540,0,0.95,High
1541,0,0.95,High
1542,0,0.95,High
1543,0,0.95,High
1544,0,0.95,High
1545,0,0.95,High
1546,0,0.95,High
1547,0,0.95,High
1548,0,0.95,High
1549,0,0.95,High
1550,0,0.95,High
1551,0,0.95,High
1552,0,0.95,High
1553,0,0.95,High
1554,0,0.95,High
1555,0,0.95,High
1556,0,0.95,High
1557,0,0.95,High
1558,0,0.95,High
1559,0,0.95,High
1560,0,0.95,High
1561,0,0.95,High
1562,0,0.95,High
1563,0,0.95,High
1564,0,0.95,High
1565,0,0.95,High
1566,0,0.95,High
1567,0,0.95,High
1568,0,0.95,High
1569,0,0.95,High
1570,0,0.95,High
1571,0,0.95,High
1572,0,0.95,High
1573,0,0.95,High
1574,0,0.95,High
1575,0,0.95,High
1576,0,0.95,High
1577,0,0.95,High
1578,0,0.95,High
1579,0,0.95,High
1580,0,0.95,High
1581,0,0.95,High
1582,1,0.9333333333333333,High
1583,0,0.9333333333333333,High
1584,0,0.9333333333333333,High
1585,0,0.9333333333333333,High
1586,0,0.9333333333333333,High
1587,0,0.95,High
1588,0,0.95,High
1589,0,0.95,High
1590,0,0.95,High
1591,0,0.95,High
1592,0,0.9666666666666667,High
1593,0,0.9833333333333333,High
1594,0,0.9833333333333333,High
1595,0,0.9833333333333333,High
1596,0,0.9833333333333333,High
1597,0,0.9833333333333333,High
1598,0,0.9833333333333333,High
1599,0,0.9833333333333333,High
1600,0,0.9833333333333333,High
1601,0,0.9833333333333333,High
1602,0,0.9833333333333333,High
1603,0,0.9833333333333333,High
1604,0,0.9833333333333333,High
1605,0,0.9833333333333333,High
1606,0,0.9833333333333333,High
1607,0,0.9833333333333333,High
1608,0,0.9833333333333333,High
1609,0,0.9833333333333333,High
1610,0,0.9833333333333333,High
1611,0,0.9833333333333333,High
1612,0,0.9833333333333333,High
1613,0,0.9833333333333333,High
1614,0,0.9833333333333333,High
1615,0,0.9833333333333333,High
1616,0,0.9833333333333333,High
1617,0,0.9833333333333333,High
1618,0,0.9833333333333333,High
1619,0,0.9833333333333333,High
1620,0,0.9833333333333333,High
1621,0,0.9833333333333333,High
1622,1,0.9666666666666667,High
1623,1,0.95,High
1624,0,0.95,High
1625,0,0.95,High
1626,0,0.95,High
1627,0,0.95,High
1628,0,0.95,High
1629,0,0.95,High
1630,0,0.95,High
1631,0,0.95,High
1632,0,0.95,High
1633,0,0.95,High
1634,0,0.95,High
1635,0,0.95,High
1636,0,0.95,High
1637,0,0.95,High
1638,0,0.95,High
1639,0,0.95,High
1640,0,0.95,High
1641,0,0.95,High
1642,0,0.9666666666666667,High
1643,0,0.9666666666666667,High
1644,0,0.9666666666666667,High
1645,0,0.9666666666666667,High
1646,0,0.9666666666666667,High
1647,0,0.9666666666666667,High
1648,0,0.9666666666666667,High
1649,0,0.9666666666666667,High
1650,0,0.9666666666666667,High
1651,0,0.9666666666666667,High
1652,0,0.9666666666666667,High
1653,0,0.9666666666666667,High
1654,0,0.9666666666666667,High
1655,0,0.9666666666666667,High
1656,0,0.9666666666666667,High
1657,0,0.9666666666666667,High
1658,0,0.9666666666666667,High
1659,0,0.9666666666666667,High
1660,1,0.95,High
1661,0,0.95,High
1662,0,0.95,High
1663,0,0.95,High
1664,0,0.95,High
1665,0,0.95,High
1666,0,0.95,High
1667,0,0.95,High
1668,0,0.95,High
1669,0,0.95,High
1670,0,0.95,High
1671,0,0.95,High
1672,0,0.95,High
1673,0,0.95,High
1674,0,0.95,High
1675,0,0.95,High
1676,0,0.95,High
1677,0,0.95,High
1678,0,0.95,High
1679,0,0.95,High
1680,0,0.95,High
1681,0,0.95,High
1682,0,0.9666666666666667,High
1683,0,0.9833333333333333,High
1684,0,0.9833333333333333,High
1685,0,0.9833333333333333,High
1686,0,0.9833333333333333,High
1687,0,0.9833333333333333,High
1688,0,0.9833333333333333,High
1689,0,0.9833333333333333,High
1690,0,0.9833333333333333,High
1691,0,0.9833333333333333,High
1692,0,0.9833333333333333,High
1693,1,0.9666666666666667,High
1694,0,0.9666666666666667,High
1695,1,0.95,High
1696,0,0.95,High
1697,0,0.95,High
1698,0,0.95,High
1699,0,0.95,High
1700,0,0.95,High
1701,0,0.95,High
1702,0,0.95,High
1703,0,0.95,High
1704,0,0.95,High
1705,0,0.95,High
1706,0,0.95,High
1707,0,0.95,High
1708,0,0.95,High
1709,1,0.9333333333333333,High
1710,0,0.9333333333333333,High
1711,0,0.9333333333333333,High
1712,0,0.9333333333333333,High
1713,0,0.9333333333333333,High
1714,0,0.9333333333333333,High
1715,0,0.9333333333333333,High
1716,0,0.9333333333333333,High
1717,0,0.9333333333333333,High
1718,0,0.9333333333333333,High
1719,0,0.9333333333333333,High
1720,0,0.95,High
1721,0,0.95,High
1722,0,0.95,High
1723,0,0.95,High
1724,0,0.95,High
1725,0,0.95,High
1726,0,0.95,High
1727,0,0.95,High
1728,0,0.95,High
1729,0,0.95,High
1730,0,0.95,High
1731,0,0.95,High
1732,0,0.95,High
1733,0,0.95,High
1734,1,0.9333333333333333,High
1735,0,0.9333333333333333,High
1736,0,0.9333333333333333,High
1737,0,0.9333333333333333,High
1738,0,0.9333333333333333,High
1739,0,0.9333333333333333,High
1740,0,0.9333333333333333,High
1741,0,0.9333333333333333,High
1742,0,0.9333333333333333,High
1743,0,0.9333333333333333,High
1744,0,0.9333333333333333,High
1745,0,0.9333333333333333,High
1746,0,0.9333333333333333,High
1747,0,0.9333333333333333,High
1748,0,0.9333333333333333,High
1749,0,0.9333333333333333,High
1750,0,0.9333333333333333,High
1751,0,0.9333333333333333,High
1752,0,0.9333333333333333,High
1753,0,0.95,High
1754,0,0.95,High
1755,0,0.9666666666666667,High
1756,0,0.9666666666666667,High
1757,0,0.9666666666666667,High
1758,0,0.9666666666666667,High
1759,0,0.9666666666666667,High
1760,0,0.9666666666666667,High
1761,0,0.9666666666666667,High
1762,1,0.95,High
1763,0,0.95,High
1764,0,0.95,High
1765,0,0.95,High
1766,1,0.9333333333333333,High
1767,0,0.9333333333333333,High
1768,0,0.9333333333333333,High
1769,0,0.95,High
1770,0,0.95,High
1771,0,0.95,High
1772,0,0.95,High
1773,1,0.9333333333333333,High
1774,0,0.9333333333333333,High
1775,0,0.9333333333333333,High
1776,0,0.9333333333333333,High
1777,0,0.9333333333333333,High
1778,0,0.9333333333333333,High
1779,0,0.9333333333333333,High
1780,0,0.9333333333333333,High
1781,0,0.9333333333333333,High
1782,0,0.9333333333333333,High
1783,0,0.9333333333333333,High
1784,0,0.9333333333333333,High
1785,0,0.9333333333333333,High
1786,0,0.9333333333333333,High
1787,0,0.9333333333333333,High
1788,0,0.9333333333333333,High
1789,0,0.9333333333333333,High
1790,0,0.9333333333333333,High
1791,0,0.9333333333333333,High
1792,0,0.9333333333333333,High
1793,0,0.9333333333333333,High
1794,0,0.95,High
1795,0,0.95,High
1796,0,0.95,High
1797,0,0.95,High
1798,0,0.95,High
1799,0,0.95,High
1800,0,0.95,High
1801,0,0.95,High
1802,0,0.95,High
1803,0,0.95,High
1804,0,0.95,High
1805,0,0.95,High
1806,0,0.95,High
1807,0,0.95,High
1808,0,0.95,High
1809,0,0.95,High
1810,0,0.95,High
1811,0,0.95,High
1812,0,0.95,High
1813,0,0.95,High
1814,0,0.95,High
1815,0,0.95,High
1816,0,0.95,High
1817,0,0.95,High
1818,0,0.95,High
1819,0,0.95,High
1820,0,0.95,High
1821,0,0.95,High
1822,0,0.9666666666666667,High
1823,0,0.9666666666666667,High
1824,0,0.9666666666666667,High
1825,0,0.9666666666666667,High
1826,0,0.9833333333333333,High
1827,0,0.9833333333333333,High
1828,0,0.9833333333333333,High
1829,0,0.9833333333333333,High
1830,0,0.9833333333333333,High
1831,1,0.9666666666666667,High
1832,0,0.9666666666666667,High
1833,0,0.9833333333333333,High
1834,0,0.9833333333333333,High
1835,0,0.9833333333333333,High
1836,0,0.9833333333333333,High
1837,0,0.9833333333333333,High
1838,0,0.9833333333333333,High
1839,0,0.9833333333333333,High
1840,0,0.9833333333333333,High
1841,0,0.9833333333333333,High
1842,0,0.9833333333333333,High
1843,0,0.9833333333333333,High
1844,0,0.9833333333333333,High
1845,0,0.9833333333333333,High
1846,0,0.9833333333333333,High
1847,0,0.9833333333333333,High
1848,0,0.9833333333333333,High
1849,0,0.9833333333333333,High
1850,0,0.9833333333333333,High
1851,0,0.9833333333333333,High
1852,0,0.9833333333333333,High
1853,0,0.9833333333333333,High
1854,0,0.9833333333333333,High
1855,0,0.9833333333333333,High
1856,0,0.9833333333333333,High
1857,0,0.9833333333333333,High
1858,0,0.9833333333333333,High
1859,0,0.9833333333333333,High
1860,0,0.9833333333333333,High
1861,0,0.9833333333333333,High
1862,0,0.9833333333333333,High
1863,0,0.9833333333333333,High
1864,0,0.9833333333333333,High
1865,0,0.9833333333333333,High
1866,0,0.9833333333333333,High
1867,0,0.9833333333333333,High
1868,0,0.9833333333333333,High
1869,0,0.9833333333333333,High
1870,0,0.9833333333333333,High
1871,0,0.9833333333333333,High
1872,0,0.9833333333333333,High
1873,0,0.9833333333333333,High
1874,0,0.9833333333333333,High
1875,0,0.9833333333333333,High
1876,0,0.9833333333333333,High
1877,0,0.9833333333333333,High
1878,0,0.9833333333333333,High
1879,0,0.9833333333333333,High
1880,0,0.9833333333333333,High
1881,0,0.9833333333333333,High
1882,0,0.9833333333333333,High
1883,0,0.9833333333333333,High
1884,0,0.9833333333333333,High
1885,0,0.9833333333333333,High
1886,0,0.9833333333333333,High
1887,0,0.9833333333333333,High
1888,0,0.9833333333333333,High
1889,0,0.9833333333333333,High
1890,0,0.9833333333333333,High
1891,0,1.0,High
1892,0,1.0,High
1893,0,1.0,High
1894,0,1.0,High
1895,0,1.0,High
1896,0,1.0,High
1897,0,1.0,High
1898,0,1.0,High
1899,0,1.0,High
1900,1,0.9833333333333333,High
1901,0,0.9833333333333333,High
1902,0,0.9833333333333333,High
1903,0,0.9833333333333333,High
1904,0,0.9833333333333333,High
1905,1,0.9666666666666667,High
1906,0,0.9666666666666667,High
1907,0,0.9666666666666667,High
1908,0,0.9666666666666667,High
1909,0,0.9666666666666667,High
1910,0,0.9666666666666667,High
1911,0,0.9666666666666667,High
1912,0,0.9666666666666667,High
1913,0,0.9666666666666667,High
1914,0,0.9666666666666667,High
1915,0,0.9666666666666667,High
1916,0,0.9666666666666667,High
1917,0,0.9666666666666667,High
1918,0,0.9666666666666667,High
1919,0,0.9666666666666667,High
1920,0,0.9666666666666667,High
1921,0,0.9666666666666667,High
1922,0,0.9666666666666667,High
1923,0,0.9666666666666667,High
1924,0,0.9666666666666667,High
1925,0,0.9666666666666667,High
1926,0,0.9666666666666667,High
1927,0,0.9666666666666667,High
1928,0,0.9666666666666667,High
1929,0,0.9666666666666667,High
1930,0,0.9666666666666667,High
1931,0,0.9666666666666667,High
1932,0,0.9666666666666667,High
1933,0,0.9666666666666667,High
1934,0,0.9666666666666667,High
1935,0,0.9666666666666667,High
1936,0,0.9666666666666667,High
1937,0,0.9666666666666667,High
1938,0,0.9666666666666667,High
1939,0,0.9666666666666667,High
1940,0,0.9666666666666667,High
1941,0,0.9666666666666667,High
1942,0,0.9666666666666667,High
1943,0,0.9666666666666667,High
1944,0,0.9666666666666667,High
1945,0,0.9666666666666667,High
1946,0,0.9666666666666667,High
1947,0,0.9666666666666667,High
1948,0,0.9666666666666667,High
1949,0,0.9666666666666667,High
1950,0,0.9666666666666667,High
1951,0,0.9666666666666667,High
1952,0,0.9666666666666667,High
1953,0,0.9666666666666667,High
1954,0,0.9666666666666667,High
1955,0,0.9666666666666667,High
1956,0,0.9666666666666667,High
1957,0,0.9666666666666667,High
1958,0,0.9666666666666667,High
1959,0,0.9666666666666667,High
1960,0,0.9833333333333333,High
1961,0,0.9833333333333333,High
1962,0,0.9833333333333333,High
1963,0,0.9833333333333333,High
1964,0,0.9833333333333333,High
1965,0,1.0,High
1966,0,1.0,High
1967,0,1.0,High
1968,0,1.0,High
1969,0,1.0,High
1970,0,1.0,High
1971,0,1.0,High
1972,0,1.0,High
1973,0,1.0,High
1974,0,1.0,High
1975,0,1.0,High
1976,0,1.0,High
1977,0,1.0,High
1978,0,1.0,High
1979,0,1.0,High
1980,0,1.0,High
1981,0,1.0,High
1982,0,1.0,High
1983,1,0.9833333333333333,High
1984,0,0.9833333333333333,High
1985,0,0.9833333333333333,High
1986,0,0.9833333333333333,High
1987,0,0.9833333333333333,High
1988,0,0.9833333333333333,High
1989,0,0.9833333333333333,High
1990,0,0.9833333333333333,High
1991,0,0.9833333333333333,High
1992,0,0.9833333333333333,High
1993,0,0.9833333333333333,High
1994,0,0.9833333333333333,High
1995,1,0.9666666666666667,High
1996,0,0.9666666666666667,High
1997,0,0.9666666666666667,High
1998,0,0.9666666666666667,High
1999,1,0.95,High
2000,0,0.95,High
2001,0,0.95,High
2002,0,0.95,High
2003,0,0.95,High
2004,0,0.95,High
2005,0,0.95,High
2006,0,0.95,High
2007,0,0.95,High
2008,1,0.9333333333333333,High
2009,1,0.9166666666666666,High
2010,0,0.9166666666666666,High
2011,0,0.9166666666666666,High
2012,0,0.9166666666666666,High
2013,0,0.9166666666666666,High
2014,0,0.9166666666666666,High
2015,0,0.9166666666666666,High
2016,0,0.9166666666666666,High
2017,0,0.9166666666666666,High
2018,0,0.9166666666666666,High
2019,0,0.9166666666666666,High
2020,0,0.9166666666666666,High
2021,0,0.9166666666666666,High
2022,0,0.9166666666666666,High
2023,0,0.9166666666666666,High
2024,0,0.9166666666666666,High
2025,0,0.9166666666666666,High
2026,0,0.9166666666666666,High
2027,0,0.9166666666666666,High
2028,1,0.9,High
2029,1,0.8833333333333333,High
2030,0,0.8833333333333333,High
2031,0,0.8833333333333333,High
2032,1,0.8666666666666667,High
2033,0,0.8666666666666667,High
2034,0,0.8666666666666667,High
2035,0,0.8666666666666667,High
2036,0,0.8666666666666667,High
2037,0,0.8666666666666667,High
2038,0,0.8666666666666667,High
2039,0,0.8666666666666667,High
2040,0,0.8666666666666667,High
2041,0,0.8666666666666667,High
2042,0,0.8666666666666667,High
2043,0,0.8833333333333333,High
2044,1,0.8666666666666667,High
2045,0,0.8666666666666667,High
2046,0,0.8666666666666667,High
2047,0,0.8666666666666667,High
2048,0,0.8666666666666667,High
2049,0,0.8666666666666667,High
2050,0,0.8666666666666667,High
2051,0,0.8666666666666667,High
2052,0,0.8666666666666667,High
2053,0,0.8666666666666667,High
2054,0,0.8666666666666667,High
2055,0,0.8833333333333333,High
2056,0,0.8833333333333333,High
2057,0,0.8833333333333333,High
2058,0,0.8833333333333333,High
2059,0,0.9,High
2060,0,0.9,High
2061,0,0.9,High
2062,0,0.9,High
2063,0,0.9,High
2064,0,0.9,High
2065,0,0.9,High
2066,0,0.9,High
2067,0,0.9,High
2068,0,0.9166666666666666,High
2069,0,0.9333333333333333,High
2070,0,0.9333333333333333,High
2071,0,0.9333333333333333,High
2072,0,0.9333333333333333,High
2073,0,0.9333333333333333,High
2074,0,0.9333333333333333,High
2075,0,0.9333333333333333,High
2076,0,0.9333333333333333,High
2077,0,0.9333333333333333,High
2078,0,0.9333333333333333,High
2079,0,0.9333333333333333,High
2080,0,0.9333333333333333,High
2081,0,0.9333333333333333,High
2082,0,0.9333333333333333,High
2083,0,0.9333333333333333,High
2084,0,0.9333333333333333,High
2085,0,0.9333333333333333,High
2086,0,0.9333333333333333,High
2087,0,0.9333333333333333,High
2088,0,0.95,High
2089,0,0.9666666666666667,High
2090,0,0.9666666666666667,High
2091,0,0.9666666666666667,High
2092,0,0.9833333333333333,High
2093,1,0.9666666666666667,High
2094,0,0.9666666666666667,High
2095,0,0.9666666666666667,High
2096,0,0.9666666666666667,High
2097,0,0.9666666666666667,High
2098,0,0.9666666666666667,High
2099,0,0.9666666666666667,High
2100,0,0.9666666666666667,High
2101,0,0.9666666666666667,High
2102,0,0.9666666666666667,High
2103,0,0.9666666666666667,High
2104,0,0.9833333333333333,High
2105,0,0.9833333333333333,High
2106,0,0.9833333333333333,High
2107,0,0.9833333333333333,High
2108,0,0.9833333333333333,High
2109,0,0.9833333333333333,High
2110,0,0.9833333333333333,High
2111,0,0.9833333333333333,High
2112,0,0.9833333333333333,High
2113,0,0.9833333333333333,High
2114,0,0.9833333333333333,High
2115,0,0.9833333333333333,High
2116,0,0.9833333333333333,High
2117,0,0.9833333333333333,High
2118,0,0.9833333333333333,High
2119,0,0.9833333333333333,High
2120,0,0.9833333333333333,High
2121,0,0.9833333333333333,High
2122,0,0.9833333333333333,High
2123,0,0.9833333333333333,High
2124,0,0.9833333333333333,High
2125,0,0.9833333333333333,High
2126,0,0.9833333333333333,High
2127,0,0.9833333333333333,High
2128,0,0.9833333333333333,High
2129,0,0.9833333333333333,High
2130,0,0.9833333333333333,High
2131,0,0.9833333333333333,High
2132,0,0.9833333333333333,High
2133,0,0.9833333333333333,High
2134,0,0.9833333333333333,High
2135,0,0.9833333333333333,High
2136,0,0.9833333333333333,High
2137,0,0.9833333333333333,High
2138,0,0.9833333333333333,High
2139,0,0.9833333333333333,High
2140,0,0.9833333333333333,High
2141,0,0.9833333333333333,High
2142,0,0.9833333333333333,High
2143,0,0.9833333333333333,High
2144,0,0.9833333333333333,High
2145,0,0.9833333333333333,High
2146,0,0.9833333333333333,High
2147,0,0.9833333333333333,High
2148,0,0.9833333333333333,High
2149,0,0.9833333333333333,High
2150,0,0.9833333333333333,High
2151,0,0.9833333333333333,High
2152,0,0.9833333333333333,High
2153,0,1.0,High
2154,0,1.0,High
2155,0,1.0,High
2156,0,1.0,High
2157,0,1.0,High
2158,0,1.0,High
2159,0,1.0,High
2160,0,1.0,High
2161,0,1.0,High
2162,0,1.0,High
2163,0,1.0,High
2164,0,1.0,High
2165,0,1.0,High
2166,0,1.0,High
2167,0,1.0,High
2168,0,1.0,High
2169,0,1.0,High
2170,0,1.0,High
2171,0,1.0,High
2172,1,0.9833333333333333,High
2173,1,0.9666666666666667,High
2174,0,0.9666666666666667,High
2175,0,0.9666666666666667,High
2176,0,0.9666666666666667,High
2177,0,0.9666666666666667,High
2178,0,0.9666666666666667,High
2179,0,0.9666666666666667,High
2180,0,0.9666666666666667,High
2181,0,0.9666666666666667,High
2182,0,0.9666666666666667,High
2183,0,0.9666666666666667,High
2184,0,0.9666666666666667,High
2185,0,0.9666666666666667,High
2186,0,0.9666666666666667,High
2187,0,0.9666666666666667,High
2188,0,0.9666666666666667,High
2189,0,0.9666666666666667,High
2190,0,0.9666666666666667,High
2191,0,0.9666666666666667,High
2192,0,0.9666666666666667,High
2193,0,0.9666666666666667,High
2194,0,0.9666666666666667,High
2195,0,0.9666666666666667,High
2196,0,0.9666666666666667,High
2197,0,0.9666666666666667,High
2198,0,0.9666666666666667,High
2199,0,0.9666666666666667,High
2200,0,0.9666666666666667,High
2201,0,0.9666666666666667,High
2202,0,0.9666666666666667,High
2203,0,0.9666666666666667,High
2204,0,0.9666666666666667,High
2205,0,0.9666666666666667,High
2206,0,0.9666666666666667,High
2207,1,0.95,High
2208,0,0.95,High
2209,0,0.95,High
2210,0,0.95,High
2211,0,0.95,High
2212,0,0.95,High
2213,0,0.95,High
2214,0,0.95,High
2215,0,0.95,High
2216,0,0.95,High
2217,0,0.95,High
2218,0,0.95,High
2219,0,0.95,High
2220,0,0.95,High
2221,0,0.95,High
2222,0,0.95,High
2223,1,0.9333333333333333,High
2224,0,0.9333333333333333,High
2225,0,0.9333333333333333,High
2226,0,0.9333333333333333,High
2227,0,0.9333333333333333,High
2228,0,0.9333333333333333,High
2229,0,0.9333333333333333,High
2230,0,0.9333333333333333,High
2231,1,0.9166666666666666,High
2232,0,0.9333333333333333,High
2233,0,0.95,High
2234,0,0.95,High
2235,0,0.95,High
2236,0,0.95,High
2237,0,0.95,High
2238,0,0.95,High
2239,0,0.95,High
2240,0,0.95,High
2241,0,0.95,High
2242,0,0.95,High
2243,0,0.95,High
2244,0,0.95,High
2245,0,0.95,High
2246,0,0.95,High
2247,0,0.95,High
2248,0,0.95,High
2249,0,0.95,High
2250,0,0.95,High
2251,0,0.95,High
2252,0,0.95,High
2253,0,0.95,High
2254,0,0.95,High
2255,0,0.95,High
2256,0,0.95,High
2257,0,0.95,High
2258,0,0.95,High
2259,0,0.95,High
2260,0,0.95,High
2261,0,0.95,High
2262,0,0.95,High
2263,0,0.95,High
2264,0,0.95,High
2265,0,0.95,High
2266,0,0.95,High
2267,0,0.9666666666666667,High
2268,0,0.9666666666666667,High
2269,0,0.9666666666666667,High
2270,0,0.9666666666666667,High
2271,0,0.9666666666666667,High
2272,0,0.9666666666666667,High
2273,0,0.9666666666666667,High
2274,0,0.9666666666666667,High
2275,0,0.9666666666666667,High
2276,0,0.9666666666666667,High
2277,1,0.95,High
2278,0,0.95,High
2279,0,0.95,High
2280,0,0.95,High
2281,0,0.95,High
2282,0,0.95,High
2283,0,0.9666666666666667,High
2284,0,0.9666666666666667,High
2285,0,0.9666666666666667,High
2286,0,0.9666666666666667,High
2287,0,0.9666666666666667,High
2288,0,0.9666666666666667,High
2289,0,0.9666666666666667,High
2290,0,0.9666666666666667,High
2291,0,0.9833333333333333,High
2292,0,0.9833333333333333,High
2293,0,0.9833333333333333,High
2294,0,0.9833333333333333,High
2295,0,0.9833333333333333,High
2296,0,0.9833333333333333,High
2297,0,0.9833333333333333,High
2298,0,0.9833333333333333,High
2299,0,0.9833333333333333,High
2300,0,0.9833333333333333,High
2301,1,0.9666666666666667,High
2302,0,0.9666666666666667,High
2303,0,0.9666666666666667,High
2304,0,0.9666666666666667,High
2305,0,0.9666666666666667,High
2306,0,0.9666666666666667,High
2307,0,0.9666666666666667,High
2308,0,0.9666666666666667,High
2309,0,0.9666666666666667,High
2310,0,0.9666666666666667,High
2311,0,0.9666666666666667,High
2312,0,0.9666666666666667,High
2313,0,0.9666666666666667,High
2314,0,0.9666666666666667,High
2315,0,0.9666666666666667,High
2316,0,0.9666666666666667,High
2317,0,0.9666666666666667,High
2318,0,0.9666666666666667,High
2319,0,0.9666666666666667,High
2320,0,0.9666666666666667,High
2321,0,0.9666666666666667,High
2322,0,0.9666666666666667,High
2323,0,0.9666666666666667,High
2324,0,0.9666666666666667,High
2325,0,0.9666666666666667,High
2326,0,0.9666666666666667,High
2327,0,0.9666666666666667,High
2328,0,0.9666666666666667,High
2329,0,0.9666666666666667,High
2330,0,0.9666666666666667,High
2331,0,0.9666666666666667,High
2332,0,0.9666666666666667,High
2333,0,0.9666666666666667,High
2334,0,0.9666666666666667,High
2335,0,0.9666666666666667,High
2336,0,0.9666666666666667,High
2337,0,0.9833333333333333,High
2338,0,0.9833333333333333,High
2339,0,0.9833333333333333,High
2340,0,0.9833333333333333,High
2341,0,0.9833333333333333,High
2342,0,0.9833333333333333,High
2343,0,0.9833333333333333,High
2344,0,0.9833333333333333,High
2345,0,0.9833333333333333,High
2346,0,0.9833333333333333,High
2347,0,0.9833333333333333,High
2348,0,0.9833333333333333,High
2349,0,0.9833333333333333,High
2350,0,0.9833333333333333,High
2351,0,0.9833333333333333,High
2352,0,0.9833333333333333,High
2353,0,0.9833333333333333,High
2354,0,0.9833333333333333,High
2355,0,0.9833333333333333,High
2356,0,0.9833333333333333,High
2357,0,0.9833333333333333,High
2358,0,0.9833333333333333,High
2359,0,0.9833333333333333,High
2360,0,0.9833333333333333,High
2361,0,1.0,High
2362,0,1.0,High
2363,0,1.0,High
2364,0,1.0,High
2365,0,1.0,High
2366,0,1.0,High
2367,0,1.0,High
2368,0,1.0,High
2369,0,1.0,High
2370,0,1.0,High
2371,0,1.0,High
2372,0,1.0,High
2373,0,1.0,High
2374,0,1.0,High
2375,0,1.0,High
2376,0,1.0,High
2377,0,1.0,High
2378,0,1.0,High
2379,0,1.0,High
2380,0,1.0,High
2381,0,1.0,High
2382,0,1.0,High
2383,0,1.0,High
2384,1,0.9833333333333333,High
2385,1,0.9666666666666667,High
2386,1,0.95,High
2387,1,0.9333333333333333,High
2388,1,0.9166666666666666,High
2389,1,0.9,High
2390,1,0.8833333333333333,High
2391,1,0.8666666666666667,High
2392,1,0.85,High
2393,1,0.8333333333333334,High
2394,1,0.8166666666666667,High
2395,1,0.8,High
2396,1,0.7833333333333333,High
2397,1,0.7666666666666667,High
2398,0,0.7666666666666667,High
2399,0,0.7666666666666667,High
2400,1,0.75,High
2401,1,0.7333333333333333,High
2402,1,0.7166666666666667,High
2403,1,0.7,High
2404,1,0.6833333333333333,High
2405,1,0.6666666666666666,High
2406,1,0.65,High
2407,1,0.6333333333333333,High
2408,1,0.6166666666666667,High
2409,1,0.6,High
2410,1,0.5833333333333334,High
2411,1,0.5666666666666667,High
2412,1,0.55,High
2413,1,0.5333333333333333,High
2414,0,0.5333333333333333,High
2415,1,0.5166666666666667,High
2416,1,0.5,High
2417,1,0.48333333333333334,Medium
2418,1,0.4666666666666667,Medium
2419,1,0.45,Medium
2420,1,0.43333333333333335,Medium
2421,1,0.4166666666666667,Medium
2422,1,0.4,Medium
2423,1,0.38333333333333336,Medium
2424,1,0.36666666666666664,Medium
2425,1,0.35,Medium
2426,1,0.3333333333333333,Medium
2427,1,0.31666666666666665,Medium
2428,1,0.3,Medium
2429,1,0.2833333333333333,Medium
2430,1,0.26666666666666666,Medium
2431,1,0.25,Medium
2432,1,0.23333333333333334,Medium
2433,1,0.21666666666666667,Medium
2434,1,0.2,Medium
2435,1,0.18333333333333332,Low
2436,1,0.16666666666666666,Low
2437,1,0.15,Low
2438,1,0.13333333333333333,Low
2439,0,0.13333333333333333,Low
2440,1,0.11666666666666667,Low
2441,1,0.1,Low
2442,1,0.08333333333333333,Low
2443,1,0.06666666666666667,Low
2444,1,0.06666666666666667,Low
2445,1,0.06666666666666667,Low
2446,1,0.06666666666666667,Low
2447,1,0.06666666666666667,Low
2448,1,0.06666666666666667,Low
2449,1,0.06666666666666667,Low
2450,1,0.06666666666666667,Low
2451,1,0.06666666666666667,Low
2452,1,0.06666666666666667,Low
2453,1,0.06666666666666667,Low
2454,1,0.06666666666666667,Low
2455,1,0.06666666666666667,Low
2456,0,0.08333333333333333,Low
2457,0,0.1,Low
2458,1,0.08333333333333333,Low
2459,1,0.06666666666666667,Low
2460,1,0.06666666666666667,Low
2461,1,0.06666666666666667,Low
2462,1,0.06666666666666667,Low
2463,1,0.06666666666666667,Low
2464,1,0.06666666666666667,Low
2465,1,0.06666666666666667,Low
2466,1,0.06666666666666667,Low
2467,1,0.06666666666666667,Low
2468,1,0.06666666666666667,Low
2469,1,0.06666666666666667,Low
2470,1,0.06666666666666667,Low
2471,1,0.06666666666666667,Low
2472,1,0.06666666666666667,Low
2473,1,0.06666666666666667,Low
2474,1,0.05,Low
2475,1,0.05,Low
2476,1,0.05,Low
2477,1,0.05,Low
2478,1,0.05,Low
2479,1,0.05,Low
2480,1,0.05,Low
2481,1,0.05,Low
2482,1,0.05,Low
2483,0,0.06666666666666667,Low
2484,1,0.06666666666666667,Low
2485,1,0.06666666666666667,Low
2486,1,0.06666666666666667,Low
2487,0,0.08333333333333333,Low
2488,0,0.1,Low
2489,0,0.11666666666666667,Low
2490,1,0.11666666666666667,Low
2491,1,0.11666666666666667,Low
2492,1,0.11666666666666667,Low
2493,1,0.11666666666666667,Low
2494,1,0.11666666666666667,Low
2495,1,0.11666666666666667,Low
2496,1,0.11666666666666667,Low
2497,1,0.11666666666666667,Low
2498,1,0.11666666666666667,Low
2499,1,0.1,Low
2500,1,0.1,Low
2501,1,0.1,Low
2502,1,0.1,Low
2503,1,0.1,Low
2504,1,0.1,Low
2505,1,0.1,Low
2506,1,0.1,Low
2507,1,0.1,Low
2508,1,0.1,Low
2509,1,0.1,Low
2510,1,0.1,Low
2511,1,0.1,Low
2512,1,0.1,Low
2513,1,0.1,Low
2514,1,0.1,Low
2515,1,0.1,Low
2516,1,0.08333333333333333,Low
2517,1,0.06666666666666667,Low
2518,1,0.06666666666666667,Low
2519,1,0.06666666666666667,Low
2520,1,0.06666666666666667,Low
2521,1,0.06666666666666667,Low
2522,1,0.06666666666666667,Low
2523,1,0.06666666666666667,Low
2524,1,0.06666666666666667,Low
2525,1,0.06666666666666667,Low
2526,0,0.08333333333333333,Low
2527,1,0.08333333333333333,Low
2528,1,0.08333333333333333,Low
2529,1,0.08333333333333333,Low
2530,1,0.08333333333333333,Low
2531,1,0.08333333333333333,Low
2532,1,0.08333333333333333,Low
2533,1,0.08333333333333333,Low
2534,1,0.08333333333333333,Low
2535,1,0.08333333333333333,Low
2536,1,0.08333333333333333,Low
2537,1,0.08333333333333333,Low
2538,1,0.08333333333333333,Low
2539,1,0.08333333333333333,Low
2540,1,0.08333333333333333,Low
2541,1,0.08333333333333333,Low
2542,1,0.08333333333333333,Low
2543,1,0.06666666666666667,Low
2544,1,0.06666666666666667,Low
2545,1,0.06666666666666667,Low
2546,1,0.06666666666666667,Low
2547,1,0.05,Low
2548,1,0.03333333333333333,Low
2549,1,0.016666666666666666,Low
2550,1,0.016666666666666666,Low
2551,1,0.016666666666666666,Low
2552,1,0.016666666666666666,Low
2553,1,0.016666666666666666,Low
2554,1,0.016666666666666666,Low
2555,1,0.016666666666666666,Low
2556,1,0.016666666666666666,Low
2557,0,0.03333333333333333,Low
2558,1,0.03333333333333333,Low
2559,1,0.03333333333333333,Low
2560,1,0.03333333333333333,Low
2561,1,0.03333333333333333,Low
2562,1,0.03333333333333333,Low
2563,1,0.03333333333333333,Low
2564,1,0.03333333333333333,Low
2565,0,0.05,Low
2566,1,0.05,Low
2567,1,0.05,Low
2568,1,0.05,Low
2569,1,0.05,Low
2570,1,0.05,Low
2571,0,0.06666666666666667,Low
2572,1,0.06666666666666667,Low
2573,1,0.06666666666666667,Low
2574,1,0.06666666666666667,Low
2575,1,0.06666666666666667,Low
2576,1,0.06666666666666667,Low
2577,1,0.06666666666666667,Low
2578,1,0.06666666666666667,Low
2579,1,0.06666666666666667,Low
2580,0,0.08333333333333333,Low
2581,1,0.08333333333333333,Low
2582,1,0.08333333333333333,Low
2583,1,0.08333333333333333,Low
2584,1,0.08333333333333333,Low
2585,1,0.08333333333333333,Low
2586,1,0.06666666666666667,Low
2587,1,0.06666666666666667,Low
2588,1,0.06666666666666667,Low
2589,1,0.06666666666666667,Low
2590,1,0.06666666666666667,Low
2591,1,0.06666666666666667,Low
2592,1,0.06666666666666667,Low
2593,1,0.06666666666666667,Low
2594,1,0.06666666666666667,Low
2595,1,0.06666666666666667,Low
2596,1,0.06666666666666667,Low
2597,1,0.06666666666666667,Low
2598,1,0.06666666666666667,Low
2599,1,0.06666666666666667,Low
2600,1,0.06666666666666667,Low
2601,1,0.06666666666666667,Low
2602,1,0.06666666666666667,Low
2603,1,0.06666666666666667,Low
2604,1,0.06666666666666667,Low
2605,1,0.06666666666666667,Low
2606,1,0.06666666666666667,Low
2607,1,0.06666666666666667,Low
2608,1,0.06666666666666667,Low
2609,1,0.06666666666666667,Low
2610,1,0.06666666666666667,Low
2611,1,0.06666666666666667,Low
2612,1,0.06666666666666667,Low
2613,1,0.06666666666666667,Low
2614,1,0.06666666666666667,Low
2615,1,0.06666666666666667,Low
2616,1,0.06666666666666667,Low
2617,1,0.05,Low
2618,1,0.05,Low
2619,1,0.05,Low
2620,1,0.05,Low
2621,1,0.05,Low
2622,1,0.05,Low
2623,1,0.05,Low
2624,1,0.05,Low
2625,1,0.03333333333333333,Low
2626,1,0.03333333333333333,Low
2627,1,0.03333333333333333,Low
2628,1,0.03333333333333333,Low
2629,1,0.03333333333333333,Low
2630,1,0.03333333333333333,Low
2631,1,0.016666666666666666,Low
2632,1,0.016666666666666666,Low
2633,1,0.016666666666666666,Low
2634,1,0.016666666666666666,Low
2635,1,0.016666666666666666,Low
2636,1,0.016666666666666666,Low
2637,1,0.016666666666666666,Low
2638,1,0.016666666666666666,Low
2639,1,0.016666666666666666,Low
2640,1,0.0,Low
2641,1,0.0,Low
2642,1,0.0,Low
2643,1,0.0,Low
2644,1,0.0,Low
2645,1,0.0,Low
2646,1,0.0,Low
2647,1,0.0,Low
2648,1,0.0,Low
2649,1,0.0,Low
2650,1,0.0,Low
2651,1,0.0,Low
2652,1,0.0,Low
2653,1,0.0,Low
2654,0,0.016666666666666666,Low
2655,1,0.016666666666666666,Low
2656,1,0.016666666666666666,Low
2657,1,0.016666666666666666,Low
2658,1,0.016666666666666666,Low
2659,1,0.016666666666666666,Low
2660,1,0.016666666666666666,Low
2661,1,0.016666666666666666,Low
2662,1,0.016666666666666666,Low
2663,1,0.016666666666666666,Low
2664,1,0.016666666666666666,Low
2665,0,0.03333333333333333,Low
2666,1,0.03333333333333333,Low
2667,1,0.03333333333333333,Low
2668,1,0.03333333333333333,Low
2669,1,0.03333333333333333,Low
2670,1,0.03333333333333333,Low
2671,1,0.03333333333333333,Low
2672,1,0.03333333333333333,Low
2673,1,0.03333333333333333,Low
2674,1,0.03333333333333333,Low
2675,1,0.03333333333333333,Low
2676,1,0.03333333333333333,Low
2677,1,0.03333333333333333,Low
2678,1,0.03333333333333333,Low
2679,1,0.03333333333333333,Low
2680,1,0.03333333333333333,Low
2681,1,0.03333333333333333,Low
2682,1,0.03333333333333333,Low
2683,1,0.03333333333333333,Low
2684,1,0.03333333333333333,Low
2685,1,0.03333333333333333,Low
2686,1,0.03333333333333333,Low
2687,1,0.03333333333333333,Low
2688,1,0.03333333333333333,Low
2689,1,0.03333333333333333,Low
2690,1,0.03333333333333333,Low
2691,1,0.03333333333333333,Low
2692,1,0.03333333333333333,Low
2693,1,0.03333333333333333,Low
2694,1,0.03333333333333333,Low
2695,0,0.05,Low
2696,1,0.05,Low
2697,1,0.05,Low
2698,1,0.05,Low
2699,1,0.05,Low
2700,1,0.05,Low
2701,1,0.05,Low
2702,1,0.05,Low
2703,1,0.05,Low
2704,1,0.05,Low
2705,1,0.05,Low
2706,1,0.05,Low
2707,1,0.05,Low
2708,1,0.05,Low
2709,1,0.05,Low
2710,1,0.05,Low
2711,1,0.05,Low
2712,1,0.05,Low
2713,1,0.05,Low
2714,1,0.03333333333333333,Low
2715,1,0.03333333333333333,Low
2716,1,0.03333333333333333,Low
2717,1,0.03333333333333333,Low
2718,1,0.03333333333333333,Low
2719,1,0.03333333333333333,Low
2720,1,0.03333333333333333,Low
2721,1,0.03333333333333333,Low
2722,1,0.03333333333333333,Low
2723,1,0.03333333333333333,Low
2724,1,0.03333333333333333,Low
2725,1,0.016666666666666666,Low
2726,1,0.016666666666666666,Low
2727,1,0.016666666666666666,Low
2728,1,0.016666666666666666,Low
2729,1,0.016666666666666666,Low
2730,1,0.016666666666666666,Low
2731,1,0.016666666666666666,Low
2732,1,0.016666666666666666,Low
2733,1,0.016666666666666666,Low
2734,1,0.016666666666666666,Low
2735,1,0.016666666666666666,Low
2736,0,0.03333333333333333,Low
2737,1,0.03333333333333333,Low
2738,1,0.03333333333333333,Low
2739,1,0.03333333333333333,Low
2740,1,0.03333333333333333,Low
2741,1,0.03333333333333333,Low
2742,1,0.03333333333333333,Low
2743,1,0.03333333333333333,Low
2744,1,0.03333333333333333,Low
2745,1,0.03333333333333333,Low
2746,1,0.03333333333333333,Low
2747,1,0.03333333333333333,Low
2748,1,0.03333333333333333,Low
2749,1,0.03333333333333333,Low
2750,1,0.03333333333333333,Low
2751,1,0.03333333333333333,Low
2752,1,0.03333333333333333,Low
2753,1,0.03333333333333333,Low
2754,1,0.03333333333333333,Low
2755,1,0.016666666666666666,Low
2756,1,0.016666666666666666,Low
2757,1,0.016666666666666666,Low
2758,1,0.016666666666666666,Low
2759,1,0.016666666666666666,Low
2760,1,0.016666666666666666,Low
2761,1,0.016666666666666666,Low
2762,1,0.016666666666666666,Low
2763,1,0.016666666666666666,Low
2764,1,0.016666666666666666,Low
2765,1,0.016666666666666666,Low
2766,1,0.016666666666666666,Low
2767,1,0.016666666666666666,Low
2768,1,0.016666666666666666,Low
2769,1,0.016666666666666666,Low
2770,1,0.016666666666666666,Low
2771,1,0.016666666666666666,Low
2772,1,0.016666666666666666,Low
2773,1,0.016666666666666666,Low
2774,1,0.016666666666666666,Low
2775,1,0.016666666666666666,Low
2776,1,0.016666666666666666,Low
2777,0,0.03333333333333333,Low
2778,1,0.03333333333333333,Low
2779,1,0.03333333333333333,Low
2780,1,0.03333333333333333,Low
2781,1,0.03333333333333333,Low
2782,1,0.03333333333333333,Low
2783,1,0.03333333333333333,Low
2784,1,0.03333333333333333,Low
2785,1,0.03333333333333333,Low
2786,1,0.03333333333333333,Low
2787,1,0.03333333333333333,Low
2788,1,0.03333333333333333,Low
2789,0,0.05,Low
2790,1,0.05,Low
2791,1,0.05,Low
2792,1,0.05,Low
2793,1,0.05,Low
2794,1,0.05,Low
2795,1,0.05,Low
2796,1,0.03333333333333333,Low
2797,1,0.03333333333333333,Low
2798,1,0.03333333333333333,Low
2799,1,0.03333333333333333,Low
2800,1,0.03333333333333333,Low
2801,1,0.03333333333333333,Low
2802,1,0.03333333333333333,Low
2803,1,0.03333333333333333,Low
2804,1,0.03333333333333333,Low
2805,1,0.03333333333333333,Low
2806,1,0.03333333333333333,Low
2807,1,0.03333333333333333,Low
2808,1,0.03333333333333333,Low
2809,1,0.03333333333333333,Low
2810,0,0.05,Low
2811,1,0.05,Low
2812,1,0.05,Low
2813,1,0.05,Low
2814,1,0.05,Low
2815,1,0.05,Low
2816,1,0.05,Low
2817,1,0.05,Low
2818,1,0.05,Low
2819,1,0.05,Low
2820,1,0.05,Low
2821,1,0.05,Low
2822,0,0.06666666666666667,Low
2823,0,0.08333333333333333,Low
2824,1,0.08333333333333333,Low
2825,1,0.08333333333333333,Low
2826,1,0.08333333333333333,Low
2827,1,0.08333333333333333,Low
2828,1,0.08333333333333333,Low
2829,1,0.08333333333333333,Low
2830,1,0.08333333333333333,Low
2831,1,0.08333333333333333,Low
2832,1,0.08333333333333333,Low
2833,1,0.08333333333333333,Low
2834,1,0.08333333333333333,Low
2835,1,0.08333333333333333,Low
2836,1,0.08333333333333333,Low
2837,1,0.06666666666666667,Low
2838,1,0.06666666666666667,Low
2839,1,0.06666666666666667,Low
2840,0,0.08333333333333333,Low
2841,1,0.08333333333333333,Low
2842,1,0.08333333333333333,Low
2843,1,0.08333333333333333,Low
2844,1,0.08333333333333333,Low
2845,1,0.08333333333333333,Low
2846,1,0.08333333333333333,Low
2847,1,0.08333333333333333,Low
2848,1,0.08333333333333333,Low
2849,1,0.06666666666666667,Low
2850,1,0.06666666666666667,Low
2851,1,0.06666666666666667,Low
2852,0,0.08333333333333333,Low
2853,1,0.08333333333333333,Low
2854,1,0.08333333333333333,Low
2855,1,0.08333333333333333,Low
2856,1,0.08333333333333333,Low
2857,1,0.08333333333333333,Low
2858,1,0.08333333333333333,Low
2859,0,0.1,Low
2860,1,0.1,Low
2861,1,0.1,Low
2862,1,0.1,Low
2863,1,0.1,Low
2864,1,0.1,Low
2865,1,0.1,Low
2866,1,0.1,Low
2867,1,0.1,Low
2868,1,0.1,Low
2869,1,0.1,Low
2870,1,0.08333333333333333,Low
2871,1,0.08333333333333333,Low
2872,1,0.08333333333333333,Low
2873,1,0.08333333333333333,Low
2874,1,0.08333333333333333,Low
2875,1,0.08333333333333333,Low
2876,1,0.08333333333333333,Low
2877,1,0.08333333333333333,Low
2878,1,0.08333333333333333,Low
2879,1,0.08333333333333333,Low
2880,1,0.08333333333333333,Low
2881,1,0.08333333333333333,Low
2882,1,0.06666666666666667,Low
2883,1,0.05,Low
2884,1,0.05,Low
2885,1,0.05,Low
2886,1,0.05,Low
2887,1,0.05,Low
2888,1,0.05,Low
2889,1,0.05,Low
2890,1,0.05,Low
2891,1,0.05,Low
2892,1,0.05,Low
2893,1,0.05,Low
2894,1,0.05,Low
2895,1,0.05,Low
2896,1,0.05,Low
2897,1,0.05,Low
2898,1,0.05,Low
2899,1,0.05,Low
2900,1,0.03333333333333333,Low
2901,1,0.03333333333333333,Low
2902,1,0.03333333333333333,Low
2903,1,0.03333333333333333,Low
2904,1,0.03333333333333333,Low
2905,1,0.03333333333333333,Low
2906,1,0.03333333333333333,Low
2907,1,0.03333333333333333,Low
2908,1,0.03333333333333333,Low
2909,1,0.03333333333333333,Low
2910,1,0.03333333333333333,Low
2911,1,0.03333333333333333,Low
2912,1,0.016666666666666666,Low
2913,1,0.016666666666666666,Low
2914,1,0.016666666666666666,Low
2915,1,0.016666666666666666,Low
2916,1,0.016666666666666666,Low
2917,1,0.016666666666666666,Low
2918,1,0.016666666666666666,Low
2919,1,0.0,Low
2920,1,0.0,Low
2921,1,0.0,Low
2922,1,0.0,Low
2923,1,0.0,Low
2924,1,0.0,Low
2925,1,0.0,Low
2926,1,0.0,Low
2927,1,0.0,Low
2928,1,0.0,Low
2929,1,0.0,Low
2930,1,0.0,Low
2931,1,0.0,Low
2932,1,0.0,Low
2933,1,0.0,Low
2934,1,0.0,Low
2935,1,0.0,Low
2936,1,0.0,Low
2937,1,0.0,Low
2938,1,0.0,Low
2939,1,0.0,Low
2940,1,0.0,Low
2941,1,0.0,Low
2942,1,0.0,Low
2943,1,0.0,Low
2944,1,0.0,Low
2945,1,0.0,Low
2946,1,0.0,Low
2947,1,0.0,Low
2948,1,0.0,Low
2949,1,0.0,Low
2950,1,0.0,Low
2951,1,0.0,Low
2952,1,0.0,Low
2953,1,0.0,Low
2954,1,0.0,Low
2955,1,0.0,Low
2956,1,0.0,Low
2957,1,0.0,Low
2958,1,0.0,Low
2959,1,0.0,Low
2960,1,0.0,Low
2961,1,0.0,Low
2962,1,0.0,Low
2963,1,0.0,Low
2964,1,0.0,Low
2965,1,0.0,Low
2966,1,0.0,Low
2967,1,0.0,Low
2968,1,0.0,Low
2969,1,0.0,Low
2970,1,0.0,Low
2971,1,0.0,Low
2972,1,0.0,Low
2973,1,0.0,Low
2974,1,0.0,Low
2975,1,0.0,Low
2976,1,0.0,Low
2977,1,0.0,Low
2978,1,0.0,Low
2979,1,0.0,Low
2980,1,0.0,Low
2981,1,0.0,Low
2982,1,0.0,Low
2983,1,0.0,Low
2984,1,0.0,Low
2985,1,0.0,Low
2986,1,0.0,Low
2987,1,0.0,Low
2988,1,0.0,Low
2989,1,0.0,Low
2990,1,0.0,Low
2991,1,0.0,Low
2992,1,0.0,Low
2993,1,0.0,Low
2994,0,0.016666666666666666,Low
2995,0,0.03333333333333333,Low
2996,1,0.03333333333333333,Low
2997,1,0.03333333333333333,Low
2998,1,0.03333333333333333,Low
2999,1,0.03333333333333333,Low
3000,1,0.03333333333333333,Low
3001,1,0.03333333333333333,Low
3002,1,0.03333333333333333,Low
3003,1,0.03333333333333333,Low
3004,1,0.03333333333333333,Low
3005,1,0.03333333333333333,Low
3006,1,0.03333333333333333,Low
3007,1,0.03333333333333333,Low
3008,1,0.03333333333333333,Low
3009,1,0.03333333333333333,Low
3010,1,0.03333333333333333,Low
3011,1,0.03333333333333333,Low
3012,1,0.03333333333333333,Low
3013,1,0.03333333333333333,Low
3014,1,0.03333333333333333,Low
3015,1,0.03333333333333333,Low
3016,1,0.03333333333333333,Low
3017,1,0.03333333333333333,Low
3018,1,0.03333333333333333,Low
3019,1,0.03333333333333333,Low
3020,1,0.03333333333333333,Low
3021,1,0.03333333333333333,Low
3022,1,0.03333333333333333,Low
3023,1,0.03333333333333333,Low
3024,1,0.03333333333333333,Low
3025,0,0.05,Low
3026,1,0.05,Low
3027,1,0.05,Low
3028,1,0.05,Low
3029,1,0.05,Low
3030,1,0.05,Low
3031,0,0.06666666666666667,Low
3032,0,0.08333333333333333,Low
3033,1,0.08333333333333333,Low
3034,1,0.08333333333333333,Low
3035,1,0.08333333333333333,Low
3036,1,0.08333333333333333,Low
3037,1,0.08333333333333333,Low
3038,1,0.08333333333333333,Low
3039,1,0.08333333333333333,Low
3040,1,0.08333333333333333,Low
3041,1,0.08333333333333333,Low
3042,1,0.08333333333333333,Low
3043,1,0.08333333333333333,Low
3044,1,0.08333333333333333,Low
3045,1,0.08333333333333333,Low
3046,0,0.1,Low
3047,0,0.11666666666666667,Low
3048,1,0.11666666666666667,Low
3049,1,0.11666666666666667,Low
3050,1,0.11666666666666667,Low
3051,1,0.11666666666666667,Low
3052,1,0.11666666666666667,Low
3053,1,0.11666666666666667,Low
3054,1,0.1,Low
3055,1,0.08333333333333333,Low
3056,1,0.08333333333333333,Low
3057,1,0.08333333333333333,Low
3058,1,0.08333333333333333,Low
3059,1,0.08333333333333333,Low
3060,1,0.08333333333333333,Low
3061,0,0.1,Low
3062,1,0.1,Low
3063,1,0.1,Low
3064,1,0.1,Low
3065,1,0.1,Low
3066,1,0.1,Low
3067,1,0.1,Low
3068,1,0.1,Low
3069,1,0.1,Low
3070,1,0.1,Low
3071,1,0.1,Low
3072,1,0.1,Low
3073,1,0.1,Low
3074,1,0.1,Low
3075,1,0.1,Low
3076,1,0.1,Low
3077,1,0.1,Low
3078,1,0.1,Low
3079,1,0.1,Low
3080,1,0.1,Low
3081,1,0.1,Low
3082,1,0.1,Low
3083,1,0.1,Low
3084,1,0.1,Low
3085,1,0.08333333333333333,Low
3086,1,0.08333333333333333,Low
3087,1,0.08333333333333333,Low
3088,1,0.08333333333333333,Low
3089,1,0.08333333333333333,Low
3090,1,0.08333333333333333,Low
3091,1,0.06666666666666667,Low
3092,1,0.05,Low
3093,1,0.05,Low
3094,1,0.05,Low
3095,1,0.05,Low
3096,1,0.05,Low
3097,1,0.05,Low
3098,1,0.05,Low
3099,1,0.05,Low
3100,1,0.05,Low
3101,1,0.05,Low
3102,1,0.05,Low
3103,1,0.05,Low
3104,1,0.05,Low
3105,1,0.05,Low
3106,1,0.03333333333333333,Low
3107,1,0.016666666666666666,Low
3108,1,0.016666666666666666,Low
3109,1,0.016666666666666666,Low
3110,1,0.016666666666666666,Low
3111,1,0.016666666666666666,Low
3112,1,0.016666666666666666,Low
3113,1,0.016666666666666666,Low
3114,1,0.016666666666666666,Low
3115,1,0.016666666666666666,Low
3116,1,0.016666666666666666,Low
3117,1,0.016666666666666666,Low
3118,1,0.016666666666666666,Low
3119,1,0.016666666666666666,Low
3120,1,0.016666666666666666,Low
3121,1,0.0,Low
3122,1,0.0,Low
3123,1,0.0,Low
3124,1,0.0,Low
3125,1,0.0,Low
3126,1,0.0,Low
3127,1,0.0,Low
3128,1,0.0,Low
3129,1,0.0,Low
3130,1,0.0,Low
3131,1,0.0,Low
3132,1,0.0,Low
3133,1,0.0,Low
3134,1,0.0,Low
3135,1,0.0,Low
3136,1,0.0,Low
3137,1,0.0,Low
3138,1,0.0,Low
3139,1,0.0,Low
3140,1,0.0,Low
3141,1,0.0,Low
3142,1,0.0,Low
3143,1,0.0,Low
3144,1,0.0,Low
3145,1,0.0,Low
3146,1,0.0,Low
3147,1,0.0,Low
3148,1,0.0,Low
3149,1,0.0,Low
3150,1,0.0,Low
3151,1,0.0,Low
3152,1,0.0,Low
3153,1,0.0,Low
3154,1,0.0,Low
3155,0,0.016666666666666666,Low
3156,1,0.016666666666666666,Low
3157,1,0.016666666666666666,Low
3158,1,0.016666666666666666,Low
3159,1,0.016666666666666666,Low
3160,1,0.016666666666666666,Low
3161,1,0.016666666666666666,Low
3162,1,0.016666666666666666,Low
3163,1,0.016666666666666666,Low
3164,1,0.016666666666666666,Low
3165,1,0.016666666666666666,Low
3166,1,0.016666666666666666,Low
3167,1,0.016666666666666666,Low
3168,1,0.016666666666666666,Low
3169,1,0.016666666666666666,Low
3170,1,0.016666666666666666,Low
3171,1,0.016666666666666666,Low
3172,1,0.016666666666666666,Low
3173,1,0.016666666666666666,Low
3174,0,0.03333333333333333,Low
3175,1,0.03333333333333333,Low
3176,1,0.03333333333333333,Low
3177,1,0.03333333333333333,Low
3178,1,0.03333333333333333,Low
3179,1,0.03333333333333333,Low
3180,1,0.03333333333333333,Low
3181,1,0.03333333333333333,Low
3182,1,0.03333333333333333,Low
3183,1,0.03333333333333333,Low
3184,1,0.03333333333333333,Low
3185,0,0.05,Low
3186,1,0.05,Low
3187,1,0.05,Low
3188,1,0.05,Low
3189,1,0.05,Low
3190,1,0.05,Low
3191,1,0.05,Low
3192,1,0.05,Low
3193,1,0.05,Low
3194,0,0.06666666666666667,Low
3195,1,0.06666666666666667,Low
3196,1,0.06666666666666667,Low
3197,1,0.06666666666666667,Low
3198,1,0.06666666666666667,Low
3199,1,0.06666666666666667,Low
3200,1,0.06666666666666667,Low
3201,1,0.06666666666666667,Low
3202,0,0.08333333333333333,Low
3203,1,0.08333333333333333,Low
3204,1,0.08333333333333333,Low
3205,1,0.08333333333333333,Low
3206,1,0.08333333333333333,Low
3207,1,0.08333333333333333,Low
3208,1,0.08333333333333333,Low
3209,1,0.08333333333333333,Low
3210,1,0.08333333333333333,Low
3211,1,0.08333333333333333,Low
3212,0,0.1,Low
3213,1,0.1,Low
3214,1,0.1,Low
3215,1,0.08333333333333333,Low
3216,1,0.08333333333333333,Low
3217,1,0.08333333333333333,Low
3218,1,0.08333333333333333,Low
3219,1,0.08333333333333333,Low
3220,1,0.08333333333333333,Low
3221,1,0.08333333333333333,Low
3222,1,0.08333333333333333,Low
3223,1,0.08333333333333333,Low
3224,1,0.08333333333333333,Low
3225,1,0.08333333333333333,Low
3226,1,0.08333333333333333,Low
3227,1,0.08333333333333333,Low
3228,1,0.08333333333333333,Low
3229,1,0.08333333333333333,Low
3230,1,0.08333333333333333,Low
3231,1,0.08333333333333333,Low
3232,1,0.08333333333333333,Low
3233,1,0.08333333333333333,Low
3234,1,0.06666666666666667,Low
3235,1,0.06666666666666667,Low
3236,1,0.06666666666666667,Low
3237,1,0.06666666666666667,Low
3238,1,0.06666666666666667,Low
3239,1,0.06666666666666667,Low
3240,1,0.06666666666666667,Low
3241,1,0.06666666666666667,Low
3242,1,0.06666666666666667,Low
3243,1,0.06666666666666667,Low
3244,1,0.06666666666666667,Low
3245,1,0.05,Low
3246,1,0.05,Low
3247,1,0.05,Low
3248,1,0.05,Low
3249,1,0.05,Low
3250,1,0.05,Low
3251,1,0.05,Low
3252,1,0.05,Low
3253,1,0.05,Low
3254,1,0.03333333333333333,Low
3255,1,0.03333333333333333,Low
3256,1,0.03333333333333333,Low
3257,1,0.03333333333333333,Low
3258,1,0.03333333333333333,Low
3259,1,0.03333333333333333,Low
3260,1,0.03333333333333333,Low
3261,1,0.03333333333333333,Low
3262,1,0.016666666666666666,Low
3263,1,0.016666666666666666,Low
3264,1,0.016666666666666666,Low
3265,1,0.016666666666666666,Low
3266,1,0.016666666666666666,Low
3267,1,0.016666666666666666,Low
3268,1,0.016666666666666666,Low
3269,1,0.016666666666666666,Low
3270,1,0.016666666666666666,Low
3271,1,0.016666666666666666,Low
3272,1,0.0,Low
3273,1,0.0,Low
3274,1,0.0,Low
3275,1,0.0,Low
3276,1,0.0,Low
3277,1,0.0,Low
3278,1,0.0,Low
3279,1,0.0,Low
3280,1,0.0,Low
3281,1,0.0,Low
3282,1,0.0,Low
3283,1,0.0,Low
3284,0,0.016666666666666666,Low
3285,1,0.016666666666666666,Low
3286,1,0.016666666666666666,Low
3287,1,0.016666666666666666,Low
3288,1,0.016666666666666666,Low
3289,1,0.016666666666666666,Low
3290,1,0.016666666666666666,Low
3291,1,0.016666666666666666,Low
3292,1,0.016666666666666666,Low
3293,1,0.016666666666666666,Low
3294,1,0.016666666666666666,Low
3295,1,0.016666666666666666,Low
3296,1,0.016666666666666666,Low
3297,1,0.016666666666666666,Low
3298,1,0.016666666666666666,Low
3299,1,0.016666666666666666,Low
3300,1,0.016666666666666666,Low
3301,1,0.016666666666666666,Low
3302,1,0.016666666666666666,Low
3303,1,0.016666666666666666,Low
3304,1,0.016666666666666666,Low
3305,1,0.016666666666666666,Low
3306,0,0.03333333333333333,Low
3307,0,0.05,Low
3308,1,0.05,Low
3309,1,0.05,Low
3310,1,0.05,Low
3311,1,0.05,Low
3312,1,0.05,Low
3313,1,0.05,Low
3314,1,0.05,Low
3315,1,0.05,Low
3316,1,0.05,Low
3317,1,0.05,Low
3318,1,0.05,Low
3319,1,0.05,Low
3320,1,0.05,Low
3321,1,0.05,Low
3322,1,0.05,Low
3323,1,0.05,Low
3324,1,0.05,Low
3325,1,0.05,Low
3326,1,0.05,Low
3327,1,0.05,Low
3328,1,0.05,Low
3329,1,0.05,Low
3330,1,0.05,Low
3331,1,0.05,Low
3332,1,0.05,Low
3333,1,0.05,Low
3334,1,0.05,Low
3335,1,0.05,Low
3336,1,0.05,Low
3337,1,0.05,Low
3338,1,0.05,Low
3339,1,0.05,Low
3340,1,0.05,Low
3341,1,0.05,Low
3342,1,0.05,Low
3343,1,0.05,Low
3344,1,0.03333333333333333,Low
3345,1,0.03333333333333333,Low
3346,1,0.03333333333333333,Low
3347,1,0.03333333333333333,Low
3348,1,0.03333333333333333,Low
3349,1,0.03333333333333333,Low
3350,1,0.03333333333333333,Low
3351,1,0.03333333333333333,Low
3352,1,0.03333333333333333,Low
3353,1,0.03333333333333333,Low
3354,1,0.03333333333333333,Low
3355,1,0.03333333333333333,Low
3356,1,0.03333333333333333,Low
3357,1,0.03333333333333333,Low
3358,1,0.03333333333333333,Low
3359,1,0.03333333333333333,Low
3360,1,0.03333333333333333,Low
3361,1,0.03333333333333333,Low
3362,1,0.03333333333333333,Low
3363,1,0.03333333333333333,Low
3364,1,0.03333333333333333,Low
3365,1,0.03333333333333333,Low
3366,1,0.016666666666666666,Low
3367,1,0.0,Low
3368,1,0.0,Low
3369,1,0.0,Low
3370,1,0.0,Low
3371,1,0.0,Low
3372,1,0.0,Low
3373,1,0.0,Low
3374,1,0.0,Low
3375,1,0.0,Low
3376,1,0.0,Low
3377,1,0.0,Low
3378,1,0.0,Low
3379,0,0.016666666666666666,Low
3380,0,0.03333333333333333,Low
3381,1,0.03333333333333333,Low
3382,1,0.03333333333333333,Low
3383,1,0.03333333333333333,Low
3384,1,0.03333333333333333,Low
3385,1,0.03333333333333333,Low
3386,1,0.03333333333333333,Low
3387,1,0.03333333333333333,Low
3388,1,0.03333333333333333,Low
3389,1,0.03333333333333333,Low
3390,1,0.03333333333333333,Low
3391,1,0.03333333333333333,Low
3392,1,0.03333333333333333,Low
3393,1,0.03333333333333333,Low
3394,0,0.05,Low
3395,0,0.06666666666666667,Low
3396,1,0.06666666666666667,Low
3397,1,0.06666666666666667,Low
3398,1,0.06666666666666667,Low
3399,1,0.06666666666666667,Low
3400,1,0.06666666666666667,Low
3401,1,0.06666666666666667,Low
3402,1,0.06666666666666667,Low
3403,1,0.06666666666666667,Low
3404,1,0.06666666666666667,Low
3405,1,0.06666666666666667,Low
3406,1,0.06666666666666667,Low
3407,1,0.06666666666666667,Low
3408,1,0.06666666666666667,Low
3409,1,0.06666666666666667,Low
3410,1,0.06666666666666667,Low
3411,1,0.06666666666666667,Low
3412,1,0.06666666666666667,Low
3413,1,0.06666666666666667,Low
3414,1,0.06666666666666667,Low
3415,1,0.06666666666666667,Low
3416,1,0.06666666666666667,Low
3417,1,0.06666666666666667,Low
3418,1,0.06666666666666667,Low
3419,0,0.08333333333333333,Low
3420,1,0.08333333333333333,Low
3421,1,0.08333333333333333,Low
3422,1,0.08333333333333333,Low
3423,1,0.08333333333333333,Low
3424,1,0.08333333333333333,Low
3425,1,0.08333333333333333,Low
3426,1,0.08333333333333333,Low
3427,0,0.1,Low
3428,1,0.1,Low
3429,1,0.1,Low
3430,1,0.1,Low
3431,1,0.1,Low
3432,1,0.1,Low
3433,1,0.1,Low
3434,1,0.1,Low
3435,1,0.1,Low
3436,1,0.1,Low
3437,1,0.1,Low
3438,1,0.1,Low
3439,1,0.08333333333333333,Low
3440,1,0.06666666666666667,Low
3441,1,0.06666666666666667,Low
3442,1,0.06666666666666667,Low
3443,1,0.06666666666666667,Low
3444,1,0.06666666666666667,Low
3445,1,0.06666666666666667,Low
3446,1,0.06666666666666667,Low
3447,1,0.06666666666666667,Low
3448,1,0.06666666666666667,Low
3449,1,0.06666666666666667,Low
3450,1,0.06666666666666667,Low
3451,1,0.06666666666666667,Low
3452,0,0.08333333333333333,Low
3453,1,0.08333333333333333,Low
3454,0,0.08333333333333333,Low
3455,0,0.08333333333333333,Low
3456,1,0.08333333333333333,Low
3457,1,0.08333333333333333,Low
3458,1,0.08333333333333333,Low
3459,1,0.08333333333333333,Low
3460,1,0.08333333333333333,Low
3461,1,0.08333333333333333,Low
3462,1,0.08333333333333333,Low
3463,1,0.08333333333333333,Low
3464,1,0.08333333333333333,Low
3465,1,0.08333333333333333,Low
3466,1,0.08333333333333333,Low
3467,1,0.08333333333333333,Low
3468,1,0.08333333333333333,Low
3469,1,0.08333333333333333,Low
3470,1,0.08333333333333333,Low
3471,1,0.08333333333333333,Low
3472,1,0.08333333333333333,Low
3473,1,0.08333333333333333,Low
3474,1,0.08333333333333333,Low
3475,1,0.08333333333333333,Low
3476,1,0.08333333333333333,Low
3477,1,0.08333333333333333,Low
3478,1,0.08333333333333333,Low
3479,1,0.06666666666666667,Low
3480,1,0.06666666666666667,Low
3481,1,0.06666666666666667,Low
3482,1,0.06666666666666667,Low
3483,0,0.08333333333333333,Low
3484,1,0.08333333333333333,Low
3485,1,0.08333333333333333,Low
3486,1,0.08333333333333333,Low
3487,1,0.06666666666666667,Low
3488,1,0.06666666666666667,Low
3489,1,0.06666666666666667,Low
3490,1,0.06666666666666667,Low
3491,1,0.06666666666666667,Low
3492,1,0.06666666666666667,Low
3493,1,0.06666666666666667,Low
3494,1,0.06666666666666667,Low
3495,1,0.06666666666666667,Low
3496,0,0.08333333333333333,Low
3497,0,0.1,Low
3498,1,0.1,Low
3499,1,0.1,Low
3500,1,0.1,Low
3501,1,0.1,Low
3502,1,0.1,Low
3503,1,0.1,Low
3504,1,0.1,Low
3505,1,0.1,Low
3506,1,0.1,Low
3507,1,0.1,Low
3508,1,0.1,Low
3509,1,0.1,Low
3510,1,0.1,Low
3511,1,0.1,Low
3512,1,0.08333333333333333,Low
3513,1,0.08333333333333333,Low
3514,1,0.06666666666666667,Low
3515,1,0.05,Low
3516,1,0.05,Low
3517,1,0.05,Low
3518,1,0.05,Low
3519,1,0.05,Low
3520,1,0.05,Low
3521,1,0.05,Low
3522,1,0.05,Low
3523,0,0.06666666666666667,Low
3524,1,0.06666666666666667,Low
3525,1,0.06666666666666667,Low
3526,1,0.06666666666666667,Low
3527,1,0.06666666666666667,Low
3528,1,0.06666666666666667,Low
3529,1,0.06666666666666667,Low
3530,1,0.06666666666666667,Low
3531,1,0.06666666666666667,Low
3532,1,0.06666666666666667,Low
3533,1,0.06666666666666667,Low
3534,1,0.06666666666666667,Low
3535,1,0.06666666666666667,Low
3536,1,0.06666666666666667,Low
3537,1,0.06666666666666667,Low
3538,1,0.06666666666666667,Low
3539,1,0.06666666666666667,Low
3540,1,0.06666666666666667,Low
3541,1,0.06666666666666667,Low
3542,1,0.06666666666666667,Low
3543,1,0.05,Low
3544,0,0.06666666666666667,Low
3545,1,0.06666666666666667,Low
3546,1,0.06666666666666667,Low
3547,1,0.06666666666666667,Low
3548,1,0.06666666666666667,Low
3549,1,0.06666666666666667,Low
3550,1,0.06666666666666667,Low
3551,1,0.06666666666666667,Low
3552,1,0.06666666666666667,Low
3553,1,0.06666666666666667,Low
3554,1,0.06666666666666667,Low
3555,1,0.06666666666666667,Low
3556,1,0.05,Low
3557,1,0.03333333333333333,Low
3558,1,0.03333333333333333,Low
3559,1,0.03333333333333333,Low
3560,1,0.03333333333333333,Low
3561,1,0.03333333333333333,Low
3562,1,0.03333333333333333,Low
3563,1,0.03333333333333333,Low
3564,1,0.03333333333333333,Low
3565,1,0.03333333333333333,Low
3566,1,0.03333333333333333,Low
3567,1,0.03333333333333333,Low
3568,1,0.03333333333333333,Low
3569,1,0.03333333333333333,Low
3570,1,0.03333333333333333,Low
3571,1,0.03333333333333333,Low
3572,1,0.03333333333333333,Low
3573,1,0.03333333333333333,Low
3574,1,0.03333333333333333,Low
3575,1,0.03333333333333333,Low
3576,1,0.03333333333333333,Low
3577,1,0.03333333333333333,Low
3578,1,0.03333333333333333,Low
3579,1,0.03333333333333333,Low
3580,1,0.03333333333333333,Low
3581,1,0.03333333333333333,Low
3582,0,0.05,Low
3583,0,0.05,Low
3584,0,0.06666666666666667,Low
3585,1,0.06666666666666667,Low
3586,1,0.06666666666666667,Low
3587,1,0.06666666666666667,Low
3588,0,0.08333333333333333,Low
3589,1,0.08333333333333333,Low
3590,1,0.08333333333333333,Low
3591,0,0.1,Low
3592,1,0.1,Low
3593,1,0.1,Low
3594,1,0.1,Low
3595,1,0.1,Low
3596,1,0.1,Low
3597,1,0.1,Low
3598,1,0.1,Low
3599,1,0.1,Low
3600,1,0.1,Low
3601,1,0.1,Low
3602,1,0.1,Low
3603,1,0.1,Low
3604,1,0.08333333333333333,Low
3605,1,0.08333333333333333,Low
3606,1,0.08333333333333333,Low
3607,1,0.08333333333333333,Low
3608,1,0.08333333333333333,Low
3609,1,0.08333333333333333,Low
3610,1,0.08333333333333333,Low
3611,1,0.08333333333333333,Low
3612,1,0.08333333333333333,Low
3613,1,0.08333333333333333,Low
3614,1,0.08333333333333333,Low
3615,1,0.08333333333333333,Low
3616,1,0.08333333333333333,Low
3617,1,0.08333333333333333,Low
3618,1,0.08333333333333333,Low
3619,1,0.08333333333333333,Low
3620,1,0.08333333333333333,Low
3621,1,0.08333333333333333,Low
3622,1,0.08333333333333333,Low
3623,1,0.08333333333333333,Low
3624,1,0.08333333333333333,Low
3625,1,0.08333333333333333,Low
3626,1,0.08333333333333333,Low
3627,1,0.08333333333333333,Low
3628,1,0.08333333333333333,Low
3629,1,0.08333333333333333,Low
3630,1,0.08333333333333333,Low
3631,0,0.1,Low
3632,1,0.1,Low
3633,1,0.1,Low
3634,1,0.1,Low
3635,1,0.1,Low
3636,1,0.1,Low
3637,1,0.1,Low
3638,1,0.1,Low
3639,1,0.1,Low
3640,1,0.1,Low
3641,1,0.1,Low
3642,1,0.08333333333333333,Low
3643,1,0.06666666666666667,Low
3644,1,0.05,Low
3645,1,0.05,Low
3646,0,0.06666666666666667,Low
3647,1,0.06666666666666667,Low
3648,1,0.05,Low
3649,1,0.05,Low
3650,1,0.05,Low
3651,1,0.03333333333333333,Low
3652,1,0.03333333333333333,Low
3653,1,0.03333333333333333,Low
3654,1,0.03333333333333333,Low
3655,1,0.03333333333333333,Low
3656,1,0.03333333333333333,Low
3657,1,0.03333333333333333,Low
3658,1,0.03333333333333333,Low
3659,1,0.03333333333333333,Low
3660,1,0.03333333333333333,Low
3661,1,0.03333333333333333,Low
3662,0,0.05,Low
3663,1,0.05,Low
3664,1,0.05,Low
3665,1,0.05,Low
3666,1,0.05,Low
3667,1,0.05,Low
3668,1,0.05,Low
3669,1,0.05,Low
3670,1,0.05,Low
3671,1,0.05,Low
3672,1,0.05,Low
3673,1,0.05,Low
3674,1,0.05,Low
3675,1,0.05,Low
3676,1,0.05,Low
3677,1,0.05,Low
3678,1,0.05,Low
3679,1,0.05,Low
3680,1,0.05,Low
3681,1,0.05,Low
3682,1,0.05,Low
3683,1,0.05,Low
3684,1,0.05,Low
3685,1,0.05,Low
3686,1,0.05,Low
3687,1,0.05,Low
3688,1,0.05,Low
3689,1,0.05,Low
3690,1,0.05,Low
3691,0,0.05,Low
3692,1,0.05,Low
3693,1,0.05,Low
3694,1,0.05,Low
3695,1,0.05,Low
3696,1,0.05,Low
3697,1,0.05,Low
3698,1,0.05,Low
3699,1,0.05,Low
3700,1,0.05,Low
3701,1,0.05,Low
3702,1,0.05,Low
3703,1,0.05,Low
3704,1,0.05,Low
3705,1,0.05,Low
3706,1,0.03333333333333333,Low
3707,1,0.03333333333333333,Low
3708,1,0.03333333333333333,Low
3709,1,0.03333333333333333,Low
3710,1,0.03333333333333333,Low
3711,1,0.03333333333333333,Low
3712,1,0.03333333333333333,Low
3713,1,0.03333333333333333,Low
3714,1,0.03333333333333333,Low
3715,1,0.03333333333333333,Low
3716,0,0.05,Low
3717,1,0.05,Low
3718,1,0.05,Low
3719,1,0.05,Low
3720,0,0.06666666666666667,Low
3721,0,0.08333333333333333,Low
3722,0,0.08333333333333333,Low
3723,0,0.1,Low
3724,1,0.1,Low
3725,1,0.1,Low
3726,1,0.1,Low
3727,1,0.1,Low
3728,1,0.1,Low
3729,1,0.1,Low
3730,1,0.1,Low
3731,1,0.1,Low
3732,1,0.1,Low
3733,1,0.1,Low
3734,1,0.1,Low
3735,1,0.1,Low
3736,1,0.1,Low
3737,1,0.1,Low
3738,1,0.1,Low
3739,1,0.1,Low
3740,1,0.1,Low
3741,1,0.1,Low
3742,1,0.1,Low
3743,0,0.11666666666666667,Low
3744,1,0.11666666666666667,Low
3745,1,0.11666666666666667,Low
3746,1,0.11666666666666667,Low
3747,1,0.11666666666666667,Low
3748,1,0.11666666666666667,Low
3749,1,0.11666666666666667,Low
3750,1,0.11666666666666667,Low
3751,1,0.1,Low
3752,1,0.1,Low
3753,1,0.1,Low
3754,1,0.1,Low
3755,1,0.1,Low
3756,1,0.1,Low
3757,1,0.1,Low
3758,1,0.1,Low
3759,1,0.1,Low
3760,1,0.1,Low
3761,1,0.1,Low
3762,1,0.1,Low
3763,1,0.1,Low
3764,1,0.1,Low
3765,1,0.1,Low
3766,1,0.1,Low
3767,1,0.1,Low
3768,1,0.1,Low
3769,0,0.11666666666666667,Low
3770,1,0.11666666666666667,Low
3771,1,0.11666666666666667,Low
3772,1,0.11666666666666667,Low
3773,1,0.11666666666666667,Low
3774,1,0.11666666666666667,Low
3775,1,0.11666666666666667,Low
3776,1,0.1,Low
3777,1,0.1,Low
3778,1,0.1,Low
3779,1,0.1,Low
3780,1,0.08333333333333333,Low
3781,1,0.06666666666666667,Low
3782,1,0.05,Low
3783,1,0.03333333333333333,Low
3784,1,0.03333333333333333,Low
3785,1,0.03333333333333333,Low
3786,1,0.03333333333333333,Low
3787,1,0.03333333333333333,Low
3788,1,0.03333333333333333,Low
3789,1,0.03333333333333333,Low
3790,1,0.03333333333333333,Low
3791,1,0.03333333333333333,Low
3792,1,0.03333333333333333,Low
3793,1,0.03333333333333333,Low
3794,0,0.05,Low
3795,1,0.05,Low
3796,1,0.05,Low
3797,1,0.05,Low
3798,1,0.05,Low
3799,1,0.05,Low
3800,1,0.05,Low
3801,1,0.05,Low
3802,1,0.05,Low
3803,0,0.05,Low
3804,1,0.05,Low
3805,1,0.05,Low
3806,1,0.05,Low
3807,1,0.05,Low
3808,1,0.05,Low
3809,1,0.05,Low
3810,0,0.06666666666666667,Low
3811,1,0.06666666666666667,Low
3812,1,0.06666666666666667,Low
3813,1,0.06666666666666667,Low
3814,1,0.06666666666666667,Low
3815,1,0.06666666666666667,Low
3816,1,0.06666666666666667,Low
3817,1,0.06666666666666667,Low
3818,1,0.06666666666666667,Low
3819,1,0.06666666666666667,Low
3820,0,0.08333333333333333,Low
3821,0,0.1,Low
3822,1,0.1,Low
3823,1,0.1,Low
3824,1,0.1,Low
3825,1,0.1,Low
3826,1,0.1,Low
3827,1,0.1,Low
3828,1,0.1,Low
3829,1,0.08333333333333333,Low
3830,1,0.08333333333333333,Low
3831,0,0.1,Low
3832,1,0.1,Low
3833,1,0.1,Low
3834,1,0.1,Low
3835,1,0.1,Low
3836,1,0.1,Low
3837,1,0.1,Low
3838,1,0.1,Low
3839,1,0.1,Low
3840,1,0.1,Low
3841,1,0.1,Low
3842,1,0.1,Low
3843,1,0.1,Low
3844,1,0.1,Low
3845,1,0.1,Low
3846,1,0.1,Low
3847,1,0.1,Low
3848,1,0.1,Low
3849,1,0.1,Low
3850,1,0.1,Low
3851,1,0.1,Low
3852,1,0.1,Low
3853,1,0.1,Low
3854,1,0.08333333333333333,Low
3855,1,0.08333333333333333,Low
3856,1,0.08333333333333333,Low
3857,0,0.1,Low
3858,1,0.1,Low
3859,1,0.1,Low
3860,1,0.1,Low
3861,1,0.1,Low
3862,1,0.1,Low
3863,1,0.08333333333333333,Low
3864,1,0.08333333333333333,Low
3865,1,0.08333333333333333,Low
3866,1,0.08333333333333333,Low
3867,1,0.08333333333333333,Low
3868,1,0.08333333333333333,Low
3869,1,0.08333333333333333,Low
3870,1,0.06666666666666667,Low
3871,1,0.06666666666666667,Low
3872,1,0.06666666666666667,Low
3873,1,0.06666666666666667,Low
3874,1,0.06666666666666667,Low
3875,1,0.06666666666666667,Low
3876,1,0.06666666666666667,Low
3877,1,0.06666666666666667,Low
3878,1,0.06666666666666667,Low
3879,1,0.06666666666666667,Low
3880,1,0.05,Low
3881,1,0.03333333333333333,Low
3882,1,0.03333333333333333,Low
3883,1,0.03333333333333333,Low
3884,1,0.03333333333333333,Low
3885,1,0.03333333333333333,Low
3886,1,0.03333333333333333,Low
3887,1,0.03333333333333333,Low
3888,1,0.03333333333333333,Low
3889,1,0.03333333333333333,Low
3890,1,0.03333333333333333,Low
3891,1,0.016666666666666666,Low
3892,1,0.016666666666666666,Low
3893,1,0.016666666666666666,Low
3894,1,0.016666666666666666,Low
3895,1,0.016666666666666666,Low
3896,1,0.016666666666666666,Low
3897,1,0.016666666666666666,Low
3898,1,0.016666666666666666,Low
3899,1,0.016666666666666666,Low
3900,0,0.03333333333333333,Low
3901,1,0.03333333333333333,Low
3902,1,0.03333333333333333,Low
3903,1,0.03333333333333333,Low
3904,1,0.03333333333333333,Low
3905,1,0.03333333333333333,Low
3906,1,0.03333333333333333,Low
3907,1,0.03333333333333333,Low
3908,1,0.03333333333333333,Low
3909,1,0.03333333333333333,Low
3910,1,0.03333333333333333,Low
3911,1,0.03333333333333333,Low
3912,1,0.03333333333333333,Low
3913,1,0.03333333333333333,Low
3914,1,0.03333333333333333,Low
3915,1,0.03333333333333333,Low
3916,1,0.03333333333333333,Low
3917,1,0.016666666666666666,Low
3918,1,0.016666666666666666,Low
3919,1,0.016666666666666666,Low
3920,1,0.016666666666666666,Low
3921,1,0.016666666666666666,Low
3922,1,0.016666666666666666,Low
3923,1,0.016666666666666666,Low
3924,0,0.03333333333333333,Low
3925,0,0.05,Low
3926,1,0.05,Low
3927,1,0.05,Low
3928,1,0.05,Low
3929,1,0.05,Low
3930,1,0.05,Low
3931,1,0.05,Low
3932,1,0.05,Low
3933,1,0.05,Low
3934,1,0.05,Low
3935,1,0.05,Low
3936,1,0.05,Low
3937,1,0.05,Low
3938,1,0.05,Low
3939,0,0.06666666666666667,Low
3940,1,0.06666666666666667,Low
3941,1,0.06666666666666667,Low
3942,1,0.06666666666666667,Low
3943,1,0.06666666666666667,Low
3944,1,0.06666666666666667,Low
3945,1,0.06666666666666667,Low
3946,0,0.08333333333333333,Low
3947,1,0.08333333333333333,Low
3948,1,0.08333333333333333,Low
3949,1,0.08333333333333333,Low
3950,1,0.08333333333333333,Low
3951,1,0.08333333333333333,Low
3952,1,0.08333333333333333,Low
3953,1,0.08333333333333333,Low
3954,1,0.08333333333333333,Low
3955,1,0.08333333333333333,Low
3956,1,0.08333333333333333,Low
3957,1,0.08333333333333333,Low
3958,1,0.08333333333333333,Low
3959,1,0.08333333333333333,Low
3960,1,0.06666666666666667,Low
3961,1,0.06666666666666667,Low
3962,1,0.06666666666666667,Low
3963,1,0.06666666666666667,Low
3964,1,0.06666666666666667,Low
3965,0,0.08333333333333333,Low
3966,0,0.1,Low
3967,1,0.1,Low
3968,1,0.1,Low
3969,1,0.1,Low
3970,1,0.1,Low
3971,1,0.1,Low
3972,1,0.1,Low
3973,1,0.1,Low
3974,1,0.1,Low
3975,1,0.1,Low
3976,1,0.1,Low
3977,1,0.1,Low
3978,1,0.1,Low
3979,1,0.1,Low
3980,1,0.1,Low
3981,1,0.1,Low
3982,1,0.1,Low
3983,1,0.1,Low
3984,1,0.08333333333333333,Low
3985,1,0.06666666666666667,Low
3986,1,0.06666666666666667,Low
3987,1,0.06666666666666667,Low
3988,1,0.06666666666666667,Low
3989,1,0.06666666666666667,Low
3990,1,0.06666666666666667,Low
3991,1,0.06666666666666667,Low
3992,1,0.06666666666666667,Low
3993,1,0.06666666666666667,Low
3994,1,0.06666666666666667,Low
3995,1,0.06666666666666667,Low
3996,1,0.06666666666666667,Low
3997,1,0.06666666666666667,Low
3998,1,0.06666666666666667,Low
3999,1,0.05,Low
4000,1,0.05,Low
4001,1,0.05,Low
4002,1,0.05,Low
4003,1,0.05,Low
4004,1,0.05,Low
4005,1,0.05,Low
4006,1,0.03333333333333333,Low
4007,1,0.03333333333333333,Low
4008,1,0.03333333333333333,Low
4009,1,0.03333333333333333,Low
4010,1,0.03333333333333333,Low
4011,1,0.03333333333333333,Low
4012,1,0.03333333333333333,Low
4013,1,0.03333333333333333,Low
4014,1,0.03333333333333333,Low
4015,1,0.03333333333333333,Low
4016,1,0.03333333333333333,Low
4017,1,0.03333333333333333,Low
4018,1,0.03333333333333333,Low
4019,1,0.03333333333333333,Low
4020,1,0.03333333333333333,Low
4021,1,0.03333333333333333,Low
4022,1,0.03333333333333333,Low
4023,1,0.03333333333333333,Low
4024,1,0.03333333333333333,Low
4025,1,0.016666666666666666,Low
4026,1,0.0,Low
4027,1,0.0,Low
4028,1,0.0,Low
4029,1,0.0,Low
4030,1,0.0,Low
4031,1,0.0,Low
4032,1,0.0,Low
4033,1,0.0,Low
4034,1,0.0,Low
4035,1,0.0,Low
4036,1,0.0,Low
4037,1,0.0,Low
4038,1,0.0,Low
4039,1,0.0,Low
4040,1,0.0,Low
4041,1,0.0,Low
4042,1,0.0,Low
4043,1,0.0,Low
4044,1,0.0,Low
4045,1,0.0,Low
4046,1,0.0,Low
4047,1,0.0,Low
4048,1,0.0,Low
4049,1,0.0,Low
4050,1,0.0,Low
4051,1,0.0,Low
4052,1,0.0,Low
4053,1,0.0,Low
4054,1,0.0,Low
4055,1,0.0,Low
4056,1,0.0,Low
4057,1,0.0,Low
4058,1,0.0,Low
4059,1,0.0,Low
4060,1,0.0,Low
4061,1,0.0,Low
4062,1,0.0,Low
4063,1,0.0,Low
4064,1,0.0,Low
4065,1,0.0,Low
4066,1,0.0,Low
4067,1,0.0,Low
4068,1,0.0,Low
4069,1,0.0,Low
4070,1,0.0,Low
4071,1,0.0,Low
4072,1,0.0,Low
4073,1,0.0,Low
4074,1,0.0,Low
4075,1,0.0,Low
4076,0,0.016666666666666666,Low
4077,0,0.03333333333333333,Low
4078,1,0.03333333333333333,Low
4079,1,0.03333333333333333,Low
4080,1,0.03333333333333333,Low
4081,1,0.03333333333333333,Low
4082,1,0.03333333333333333,Low
4083,1,0.03333333333333333,Low
4084,1,0.03333333333333333,Low
4085,1,0.03333333333333333,Low
4086,1,0.03333333333333333,Low
4087,1,0.03333333333333333,Low
4088,1,0.03333333333333333,Low
4089,1,0.03333333333333333,Low
4090,1,0.03333333333333333,Low
4091,1,0.03333333333333333,Low
4092,1,0.03333333333333333,Low
4093,1,0.03333333333333333,Low
4094,1,0.03333333333333333,Low
4095,1,0.03333333333333333,Low
4096,1,0.03333333333333333,Low
4097,1,0.03333333333333333,Low
4098,1,0.03333333333333333,Low
4099,1,0.03333333333333333,Low
4100,1,0.03333333333333333,Low
4101,1,0.03333333333333333,Low
4102,1,0.03333333333333333,Low
4103,1,0.03333333333333333,Low
4104,1,0.03333333333333333,Low
4105,1,0.03333333333333333,Low
4106,0,0.05,Low
4107,1,0.05,Low
4108,0,0.06666666666666667,Low
4109,1,0.06666666666666667,Low
4110,1,0.06666666666666667,Low
4111,1,0.06666666666666667,Low
4112,1,0.06666666666666667,Low
4113,1,0.06666666666666667,Low
4114,1,0.06666666666666667,Low
4115,1,0.06666666666666667,Low
4116,1,0.06666666666666667,Low
4117,1,0.06666666666666667,Low
4118,1,0.06666666666666667,Low
4119,1,0.06666666666666667,Low
4120,0,0.08333333333333333,Low
4121,0,0.1,Low
4122,0,0.11666666666666667,Low
4123,1,0.11666666666666667,Low
4124,1,0.11666666666666667,Low
4125,1,0.11666666666666667,Low
4126,1,0.11666666666666667,Low
4127,1,0.11666666666666667,Low
4128,1,0.11666666666666667,Low
4129,0,0.13333333333333333,Low
4130,1,0.13333333333333333,Low
4131,1,0.13333333333333333,Low
4132,1,0.13333333333333333,Low
4133,1,0.13333333333333333,Low
4134,1,0.13333333333333333,Low
4135,1,0.13333333333333333,Low
4136,1,0.11666666666666667,Low
4137,1,0.1,Low
4138,1,0.1,Low
4139,1,0.1,Low
4140,1,0.1,Low
4141,1,0.1,Low
4142,1,0.1,Low
4143,1,0.1,Low
4144,1,0.1,Low
4145,1,0.1,Low
4146,1,0.1,Low
4147,1,0.1,Low
4148,1,0.1,Low
4149,1,0.1,Low
4150,1,0.1,Low
4151,0,0.11666666666666667,Low
4152,0,0.13333333333333333,Low
4153,1,0.13333333333333333,Low
4154,1,0.13333333333333333,Low
4155,1,0.13333333333333333,Low
4156,1,0.13333333333333333,Low
4157,1,0.13333333333333333,Low
4158,1,0.13333333333333333,Low
4159,1,0.13333333333333333,Low
4160,0,0.15,Low
4161,0,0.16666666666666666,Low
4162,1,0.16666666666666666,Low
4163,1,0.16666666666666666,Low
4164,0,0.18333333333333332,Low
4165,1,0.18333333333333332,Low
4166,1,0.16666666666666666,Low
4167,1,0.16666666666666666,Low
4168,1,0.15,Low
4169,1,0.15,Low
4170,1,0.15,Low
4171,1,0.15,Low
4172,1,0.15,Low
4173,1,0.15,Low
4174,1,0.15,Low
4175,1,0.15,Low
4176,1,0.15,Low
4177,1,0.15,Low
4178,1,0.15,Low
4179,1,0.15,Low
4180,1,0.13333333333333333,Low
4181,1,0.11666666666666667,Low
4182,1,0.1,Low
4183,0,0.11666666666666667,Low
4184,1,0.11666666666666667,Low
4185,1,0.11666666666666667,Low
4186,1,0.11666666666666667,Low
4187,1,0.11666666666666667,Low
4188,1,0.11666666666666667,Low
4189,1,0.1,Low
4190,1,0.1,Low
4191,1,0.1,Low
4192,1,0.1,Low
4193,1,0.1,Low
4194,1,0.1,Low
4195,1,0.1,Low
4196,1,0.1,Low
4197,1,0.1,Low
4198,1,0.1,Low
4199,1,0.1,Low
4200,1,0.1,Low
4201,1,0.1,Low
4202,1,0.1,Low
4203,1,0.1,Low
4204,1,0.1,Low
4205,1,0.1,Low
4206,1,0.1,Low
4207,1,0.1,Low
4208,1,0.1,Low
4209,1,0.1,Low
4210,1,0.1,Low
4211,1,0.08333333333333333,Low
4212,1,0.06666666666666667,Low
4213,1,0.06666666666666667,Low
4214,1,0.06666666666666667,Low
4215,1,0.06666666666666667,Low
4216,1,0.06666666666666667,Low
4217,1,0.06666666666666667,Low
4218,1,0.06666666666666667,Low
4219,1,0.06666666666666667,Low
4220,1,0.05,Low
4221,1,0.03333333333333333,Low
4222,1,0.03333333333333333,Low
4223,1,0.03333333333333333,Low
4224,1,0.016666666666666666,Low
4225,1,0.016666666666666666,Low
4226,1,0.016666666666666666,Low
4227,1,0.016666666666666666,Low
4228,1,0.016666666666666666,Low
4229,1,0.016666666666666666,Low
4230,1,0.016666666666666666,Low
4231,1,0.016666666666666666,Low
4232,1,0.016666666666666666,Low
4233,1,0.016666666666666666,Low
4234,1,0.016666666666666666,Low
4235,1,0.016666666666666666,Low
4236,1,0.016666666666666666,Low
4237,1,0.016666666666666666,Low
4238,1,0.016666666666666666,Low
4239,1,0.016666666666666666,Low
4240,1,0.016666666666666666,Low
4241,1,0.016666666666666666,Low
4242,1,0.016666666666666666,Low
4243,1,0.0,Low
4244,1,0.0,Low
4245,1,0.0,Low
4246,1,0.0,Low
4247,1,0.0,Low
4248,1,0.0,Low
4249,1,0.0,Low
4250,1,0.0,Low
4251,1,0.0,Low
4252,1,0.0,Low
4253,1,0.0,Low
4254,1,0.0,Low
4255,1,0.0,Low
4256,1,0.0,Low
4257,1,0.0,Low
4258,1,0.0,Low
4259,1,0.0,Low
4260,1,0.0,Low
4261,1,0.0,Low
4262,1,0.0,Low
4263,1,0.0,Low
4264,1,0.0,Low
4265,1,0.0,Low
4266,1,0.0,Low
4267,1,0.0,Low
4268,1,0.0,Low
4269,1,0.0,Low
4270,1,0.0,Low
4271,1,0.0,Low
4272,1,0.0,Low
4273,1,0.0,Low
4274,1,0.0,Low
4275,1,0.0,Low
4276,1,0.0,Low
4277,1,0.0,Low
4278,1,0.0,Low
4279,1,0.0,Low
4280,1,0.0,Low
4281,1,0.0,Low
4282,1,0.0,Low
4283,0,0.016666666666666666,Low
4284,1,0.016666666666666666,Low
4285,1,0.016666666666666666,Low
4286,1,0.016666666666666666,Low
4287,1,0.016666666666666666,Low
4288,1,0.016666666666666666,Low
4289,1,0.016666666666666666,Low
4290,1,0.016666666666666666,Low
4291,1,0.016666666666666666,Low
4292,1,0.016666666666666666,Low
4293,0,0.03333333333333333,Low
4294,1,0.03333333333333333,Low
4295,1,0.03333333333333333,Low
4296,1,0.03333333333333333,Low
4297,1,0.03333333333333333,Low
4298,0,0.05,Low
4299,1,0.05,Low
4300,1,0.05,Low
4301,1,0.05,Low
4302,1,0.05,Low
4303,1,0.05,Low
4304,1,0.05,Low
4305,0,0.06666666666666667,Low
4306,1,0.06666666666666667,Low
4307,1,0.06666666666666667,Low
4308,1,0.06666666666666667,Low
4309,1,0.06666666666666667,Low
4310,1,0.06666666666666667,Low
4311,1,0.06666666666666667,Low
4312,1,0.06666666666666667,Low
4313,1,0.06666666666666667,Low
4314,1,0.06666666666666667,Low
4315,1,0.06666666666666667,Low
4316,1,0.06666666666666667,Low
4317,1,0.06666666666666667,Low
4318,0,0.08333333333333333,Low
4319,1,0.08333333333333333,Low
4320,1,0.08333333333333333,Low
4321,1,0.08333333333333333,Low
4322,1,0.08333333333333333,Low
4323,1,0.08333333333333333,Low
4324,1,0.08333333333333333,Low
4325,1,0.08333333333333333,Low
4326,1,0.08333333333333333,Low
4327,1,0.08333333333333333,Low
4328,1,0.08333333333333333,Low
4329,1,0.08333333333333333,Low
4330,1,0.08333333333333333,Low
4331,1,0.08333333333333333,Low
4332,1,0.08333333333333333,Low
4333,1,0.08333333333333333,Low
4334,1,0.08333333333333333,Low
4335,1,0.08333333333333333,Low
4336,1,0.08333333333333333,Low
4337,1,0.08333333333333333,Low
4338,1,0.08333333333333333,Low
4339,1,0.08333333333333333,Low
4340,1,0.08333333333333333,Low
4341,1,0.08333333333333333,Low
4342,1,0.08333333333333333,Low
4343,1,0.06666666666666667,Low
4344,1,0.06666666666666667,Low
4345,0,0.08333333333333333,Low
4346,1,0.08333333333333333,Low
4347,1,0.08333333333333333,Low
4348,0,0.1,Low
4349,1,0.1,Low
4350,1,0.1,Low
4351,1,0.1,Low
4352,1,0.1,Low
4353,1,0.08333333333333333,Low
4354,1,0.08333333333333333,Low
4355,1,0.08333333333333333,Low
4356,1,0.08333333333333333,Low
4357,1,0.08333333333333333,Low
4358,1,0.06666666666666667,Low
4359,1,0.06666666666666667,Low
4360,1,0.06666666666666667,Low
4361,1,0.06666666666666667,Low
4362,1,0.06666666666666667,Low
4363,1,0.06666666666666667,Low
4364,1,0.06666666666666667,Low
4365,1,0.05,Low
4366,1,0.05,Low
4367,1,0.05,Low
4368,1,0.05,Low
4369,1,0.05,Low
4370,1,0.05,Low
4371,1,0.05,Low
4372,1,0.05,Low
4373,1,0.05,Low
4374,1,0.05,Low
4375,1,0.05,Low
4376,1,0.05,Low
4377,1,0.05,Low
4378,1,0.03333333333333333,Low
4379,1,0.03333333333333333,Low
4380,1,0.03333333333333333,Low
4381,1,0.03333333333333333,Low
4382,1,0.03333333333333333,Low
4383,1,0.03333333333333333,Low
4384,1,0.03333333333333333,Low
4385,1,0.03333333333333333,Low
4386,1,0.03333333333333333,Low
4387,1,0.03333333333333333,Low
4388,1,0.03333333333333333,Low
4389,1,0.03333333333333333,Low
4390,1,0.03333333333333333,Low
4391,1,0.03333333333333333,Low
4392,1,0.03333333333333333,Low
4393,0,0.05,Low
4394,1,0.05,Low
4395,1,0.05,Low
4396,1,0.05,Low
4397,1,0.05,Low
4398,1,0.05,Low
4399,1,0.05,Low
4400,1,0.05,Low
4401,1,0.05,Low
4402,0,0.06666666666666667,Low
4403,0,0.08333333333333333,Low
4404,1,0.08333333333333333,Low
4405,1,0.06666666666666667,Low
4406,1,0.06666666666666667,Low
4407,1,0.06666666666666667,Low
4408,1,0.05,Low
4409,0,0.06666666666666667,Low
4410,1,0.06666666666666667,Low
4411,1,0.06666666666666667,Low
4412,1,0.06666666666666667,Low
4413,1,0.06666666666666667,Low
4414,1,0.06666666666666667,Low
4415,1,0.06666666666666667,Low
4416,0,0.08333333333333333,Low
4417,1,0.08333333333333333,Low
4418,1,0.08333333333333333,Low
4419,1,0.08333333333333333,Low
4420,1,0.08333333333333333,Low
4421,1,0.08333333333333333,Low
4422,1,0.08333333333333333,Low
4423,0,0.1,Low
4424,1,0.1,Low
4425,1,0.1,Low
4426,1,0.1,Low
4427,1,0.1,Low
4428,1,0.1,Low
4429,1,0.1,Low
4430,1,0.1,Low
4431,1,0.1,Low
4432,1,0.1,Low
4433,1,0.1,Low
4434,1,0.1,Low
4435,1,0.1,Low
4436,1,0.1,Low
4437,1,0.1,Low
4438,1,0.1,Low
4439,1,0.1,Low
4440,1,0.1,Low
4441,1,0.1,Low
4442,1,0.1,Low
4443,1,0.1,Low
4444,1,0.1,Low
4445,0,0.11666666666666667,Low
4446,1,0.11666666666666667,Low
4447,1,0.11666666666666667,Low
4448,1,0.11666666666666667,Low
4449,1,0.11666666666666667,Low
4450,1,0.11666666666666667,Low
4451,1,0.11666666666666667,Low
4452,1,0.11666666666666667,Low
4453,1,0.1,Low
4454,1,0.1,Low
4455,1,0.1,Low
4456,0,0.11666666666666667,Low
4457,0,0.13333333333333333,Low
4458,1,0.13333333333333333,Low
4459,1,0.13333333333333333,Low
4460,1,0.13333333333333333,Low
4461,1,0.13333333333333333,Low
4462,1,0.11666666666666667,Low
4463,1,0.1,Low
4464,0,0.11666666666666667,Low
4465,1,0.11666666666666667,Low
4466,1,0.11666666666666667,Low
4467,1,0.11666666666666667,Low
4468,1,0.11666666666666667,Low
4469,1,0.1,Low
4470,1,0.1,Low
4471,1,0.1,Low
4472,1,0.1,Low
4473,1,0.1,Low
4474,1,0.1,Low
4475,1,0.1,Low
4476,1,0.08333333333333333,Low
4477,1,0.08333333333333333,Low
4478,1,0.08333333333333333,Low
4479,1,0.08333333333333333,Low
4480,0,0.1,Low
4481,1,0.1,Low
4482,1,0.1,Low
4483,1,0.08333333333333333,Low
4484,1,0.08333333333333333,Low
4485,1,0.08333333333333333,Low
4486,1,0.08333333333333333,Low
4487,1,0.08333333333333333,Low
4488,1,0.08333333333333333,Low
4489,1,0.08333333333333333,Low
4490,1,0.08333333333333333,Low
4491,1,0.08333333333333333,Low
4492,1,0.08333333333333333,Low
4493,1,0.08333333333333333,Low
4494,1,0.08333333333333333,Low
4495,1,0.08333333333333333,Low
4496,1,0.08333333333333333,Low
4497,1,0.08333333333333333,Low
4498,1,0.08333333333333333,Low
4499,1,0.08333333333333333,Low
4500,1,0.08333333333333333,Low
4501,1,0.08333333333333333,Low
4502,1,0.08333333333333333,Low
4503,1,0.08333333333333333,Low
4504,1,0.08333333333333333,Low
4505,1,0.06666666666666667,Low
4506,1,0.06666666666666667,Low
4507,1,0.06666666666666667,Low
4508,1,0.06666666666666667,Low
4509,1,0.06666666666666667,Low
4510,1,0.06666666666666667,Low
4511,1,0.06666666666666667,Low
4512,1,0.06666666666666667,Low
4513,1,0.06666666666666667,Low
4514,1,0.06666666666666667,Low
4515,1,0.06666666666666667,Low
4516,1,0.05,Low
4517,1,0.03333333333333333,Low
4518,1,0.03333333333333333,Low
4519,1,0.03333333333333333,Low
4520,1,0.03333333333333333,Low
4521,1,0.03333333333333333,Low
4522,1,0.03333333333333333,Low
4523,1,0.03333333333333333,Low
4524,1,0.016666666666666666,Low
4525,1,0.016666666666666666,Low
4526,1,0.016666666666666666,Low
4527,1,0.016666666666666666,Low
4528,1,0.016666666666666666,Low
4529,1,0.016666666666666666,Low
4530,1,0.016666666666666666,Low
4531,1,0.016666666666666666,Low
4532,1,0.016666666666666666,Low
4533,1,0.016666666666666666,Low
4534,1,0.016666666666666666,Low
4535,1,0.016666666666666666,Low
4536,1,0.016666666666666666,Low
4537,1,0.016666666666666666,Low
4538,1,0.016666666666666666,Low
4539,1,0.016666666666666666,Low
4540,1,0.0,Low
4541,1,0.0,Low
4542,1,0.0,Low
4543,1,0.0,Low
4544,1,0.0,Low
4545,1,0.0,Low
4546,1,0.0,Low
4547,0,0.016666666666666666,Low
4548,1,0.016666666666666666,Low
4549,0,0.03333333333333333,Low
4550,0,0.05,Low
4551,1,0.05,Low
4552,1,0.05,Low
4553,1,0.05,Low
4554,1,0.05,Low
4555,1,0.05,Low
4556,1,0.05,Low
4557,1,0.05,Low
4558,1,0.05,Low
4559,1,0.05,Low
4560,1,0.05,Low
4561,1,0.05,Low
4562,1,0.05,Low
4563,0,0.06666666666666667,Low
4564,1,0.06666666666666667,Low
4565,0,0.08333333333333333,Low
4566,1,0.08333333333333333,Low
4567,1,0.08333333333333333,Low
4568,1,0.08333333333333333,Low
4569,1,0.08333333333333333,Low
4570,1,0.08333333333333333,Low
4571,1,0.08333333333333333,Low
4572,1,0.08333333333333333,Low
4573,1,0.08333333333333333,Low
4574,1,0.08333333333333333,Low
4575,1,0.08333333333333333,Low
4576,1,0.08333333333333333,Low
4577,1,0.08333333333333333,Low
4578,1,0.08333333333333333,Low
4579,1,0.08333333333333333,Low
4580,1,0.08333333333333333,Low
4581,1,0.08333333333333333,Low
4582,1,0.08333333333333333,Low
4583,1,0.08333333333333333,Low
4584,1,0.08333333333333333,Low
4585,1,0.08333333333333333,Low
4586,0,0.1,Low
4587,0,0.11666666666666667,Low
4588,1,0.11666666666666667,Low
4589,1,0.11666666666666667,Low
4590,1,0.11666666666666667,Low
4591,1,0.11666666666666667,Low
4592,1,0.11666666666666667,Low
4593,1,0.11666666666666667,Low
4594,1,0.11666666666666667,Low
4595,1,0.11666666666666667,Low
4596,1,0.11666666666666667,Low
4597,1,0.11666666666666667,Low
4598,1,0.11666666666666667,Low
4599,1,0.11666666666666667,Low
4600,1,0.11666666666666667,Low
4601,1,0.11666666666666667,Low
4602,1,0.11666666666666667,Low
4603,1,0.11666666666666667,Low
4604,1,0.11666666666666667,Low
4605,1,0.11666666666666667,Low
4606,1,0.11666666666666667,Low
4607,1,0.1,Low
4608,1,0.1,Low
4609,1,0.08333333333333333,Low
4610,1,0.06666666666666667,Low
4611,1,0.06666666666666667,Low
4612,1,0.06666666666666667,Low
4613,1,0.06666666666666667,Low
4614,1,0.06666666666666667,Low
4615,1,0.06666666666666667,Low
4616,1,0.06666666666666667,Low
4617,1,0.06666666666666667,Low
4618,1,0.06666666666666667,Low
4619,1,0.06666666666666667,Low
4620,1,0.06666666666666667,Low
4621,1,0.06666666666666667,Low
4622,1,0.06666666666666667,Low
4623,0,0.06666666666666667,Low
4624,1,0.06666666666666667,Low
4625,1,0.05,Low
4626,1,0.05,Low
4627,1,0.05,Low
4628,1,0.05,Low
4629,1,0.05,Low
4630,1,0.05,Low
4631,1,0.05,Low
4632,1,0.05,Low
4633,1,0.05,Low
4634,1,0.05,Low
4635,1,0.05,Low
4636,1,0.05,Low
4637,1,0.05,Low
4638,1,0.05,Low
4639,1,0.05,Low
4640,1,0.05,Low
4641,1,0.05,Low
4642,1,0.05,Low
4643,1,0.05,Low
4644,1,0.05,Low
4645,1,0.05,Low
4646,1,0.03333333333333333,Low
4647,1,0.016666666666666666,Low
4648,1,0.016666666666666666,Low
4649,1,0.016666666666666666,Low
4650,1,0.016666666666666666,Low
4651,1,0.016666666666666666,Low
4652,1,0.016666666666666666,Low
4653,1,0.016666666666666666,Low
4654,1,0.016666666666666666,Low
4655,1,0.016666666666666666,Low
4656,1,0.016666666666666666,Low
4657,1,0.016666666666666666,Low
4658,1,0.016666666666666666,Low
4659,1,0.016666666666666666,Low
4660,1,0.016666666666666666,Low
4661,1,0.016666666666666666,Low
4662,1,0.016666666666666666,Low
4663,1,0.016666666666666666,Low
4664,1,0.016666666666666666,Low
4665,1,0.016666666666666666,Low
4666,1,0.016666666666666666,Low
4667,1,0.016666666666666666,Low
4668,1,0.016666666666666666,Low
4669,1,0.016666666666666666,Low
4670,1,0.016666666666666666,Low
4671,1,0.016666666666666666,Low
4672,1,0.016666666666666666,Low
4673,1,0.016666666666666666,Low
4674,1,0.016666666666666666,Low
4675,1,0.016666666666666666,Low
4676,1,0.016666666666666666,Low
4677,1,0.016666666666666666,Low
4678,1,0.016666666666666666,Low
4679,1,0.016666666666666666,Low
4680,1,0.016666666666666666,Low
4681,1,0.016666666666666666,Low
4682,1,0.016666666666666666,Low
4683,1,0.0,Low
4684,1,0.0,Low
4685,1,0.0,Low
4686,1,0.0,Low
4687,1,0.0,Low
4688,1,0.0,Low
4689,1,0.0,Low
4690,1,0.0,Low
4691,1,0.0,Low
4692,1,0.0,Low
4693,1,0.0,Low
4694,1,0.0,Low
4695,1,0.0,Low
4696,1,0.0,Low
4697,1,0.0,Low
4698,1,0.0,Low
4699,1,0.0,Low
4700,1,0.0,Low
4701,1,0.0,Low
4702,1,0.0,Low
4703,1,0.0,Low
4704,1,0.0,Low
4705,1,0.0,Low
4706,1,0.0,Low
4707,1,0.0,Low
4708,1,0.0,Low
4709,1,0.0,Low
4710,1,0.0,Low
4711,1,0.0,Low
4712,1,0.0,Low
4713,1,0.0,Low
4714,1,0.0,Low
4715,1,0.0,Low
4716,1,0.0,Low
4717,1,0.0,Low
4718,1,0.0,Low
4719,1,0.0,Low
4720,1,0.0,Low
4721,1,0.0,Low
4722,1,0.0,Low
4723,1,0.0,Low
4724,1,0.0,Low
4725,1,0.0,Low
4726,1,0.0,Low
4727,1,0.0,Low
4728,1,0.0,Low
4729,1,0.0,Low
4730,1,0.0,Low
4731,1,0.0,Low
4732,1,0.0,Low
4733,1,0.0,Low
4734,1,0.0,Low
4735,1,0.0,Low
4736,1,0.0,Low
4737,1,0.0,Low
4738,1,0.0,Low
4739,1,0.0,Low
4740,1,0.0,Low
4741,1,0.0,Low
4742,0,0.016666666666666666,Low
4743,0,0.03333333333333333,Low
4744,1,0.03333333333333333,Low
4745,1,0.03333333333333333,Low
4746,1,0.03333333333333333,Low
4747,1,0.03333333333333333,Low
4748,1,0.03333333333333333,Low
4749,1,0.03333333333333333,Low
4750,1,0.03333333333333333,Low
4751,1,0.03333333333333333,Low
4752,1,0.03333333333333333,Low
4753,1,0.03333333333333333,Low
4754,1,0.03333333333333333,Low
4755,1,0.03333333333333333,Low
4756,1,0.03333333333333333,Low
4757,0,0.05,Low
4758,1,0.05,Low
4759,1,0.05,Low
4760,1,0.05,Low
4761,1,0.05,Low
4762,1,0.05,Low
4763,1,0.05,Low
4764,1,0.05,Low
4765,1,0.05,Low
4766,0,0.06666666666666667,Low
4767,0,0.08333333333333333,Low
4768,1,0.08333333333333333,Low
4769,1,0.08333333333333333,Low
4770,1,0.08333333333333333,Low
4771,1,0.08333333333333333,Low
4772,1,0.08333333333333333,Low
4773,1,0.08333333333333333,Low
4774,1,0.08333333333333333,Low
4775,1,0.08333333333333333,Low
4776,1,0.08333333333333333,Low
4777,1,0.08333333333333333,Low
4778,1,0.08333333333333333,Low
4779,1,0.08333333333333333,Low
4780,1,0.08333333333333333,Low
4781,1,0.08333333333333333,Low
4782,1,0.08333333333333333,Low
4783,1,0.08333333333333333,Low
4784,1,0.08333333333333333,Low
4785,1,0.08333333333333333,Low
4786,1,0.08333333333333333,Low
4787,1,0.08333333333333333,Low
4788,1,0.08333333333333333,Low
4789,1,0.08333333333333333,Low
4790,1,0.08333333333333333,Low
4791,1,0.08333333333333333,Low
4792,1,0.08333333333333333,Low
4793,1,0.08333333333333333,Low
4794,1,0.08333333333333333,Low
4795,1,0.08333333333333333,Low
4796,1,0.08333333333333333,Low
4797,1,0.08333333333333333,Low
4798,1,0.08333333333333333,Low
4799,1,0.08333333333333333,Low
4800,1,0.08333333333333333,Low
4801,1,0.08333333333333333,Low
4802,1,0.06666666666666667,Low
4803,0,0.06666666666666667,Low
4804,1,0.06666666666666667,Low
4805,1,0.06666666666666667,Low
4806,1,0.06666666666666667,Low
4807,1,0.06666666666666667,Low
4808,1,0.06666666666666667,Low
4809,1,0.06666666666666667,Low
4810,1,0.06666666666666667,Low
4811,1,0.06666666666666667,Low
4812,0,0.08333333333333333,Low
4813,0,0.1,Low
4814,0,0.11666666666666667,Low
4815,1,0.11666666666666667,Low
4816,1,0.11666666666666667,Low
4817,1,0.1,Low
4818,1,0.1,Low
4819,1,0.1,Low
4820,1,0.1,Low
4821,1,0.1,Low
4822,1,0.1,Low
4823,1,0.1,Low
4824,1,0.1,Low
4825,1,0.1,Low
4826,1,0.08333333333333333,Low
4827,1,0.06666666666666667,Low
4828,1,0.06666666666666667,Low
4829,1,0.06666666666666667,Low
4830,1,0.06666666666666667,Low
4831,1,0.06666666666666667,Low
4832,1,0.06666666666666667,Low
4833,1,0.06666666666666667,Low
4834,1,0.06666666666666667,Low
4835,1,0.06666666666666667,Low
4836,1,0.06666666666666667,Low
4837,1,0.06666666666666667,Low
4838,1,0.06666666666666667,Low
4839,1,0.06666666666666667,Low
4840,1,0.06666666666666667,Low
4841,1,0.06666666666666667,Low
4842,1,0.06666666666666667,Low
4843,1,0.06666666666666667,Low
4844,1,0.06666666666666667,Low
4845,1,0.06666666666666667,Low
